world_timestamp,world_index,fixation_id,start_timestamp,duration,dispersion,norm_pos_x,norm_pos_y,x_scaled,y_scaled,on_surf,target,RT,MT,event
1588573671.0910912,981,188,1588573671.0046651,208.32395553588867,0.4853367944310706,0.5833624601364136,0.6701676249504089,0.5833624601364136,0.6701676249504089,True,180.0,0.665894976000004,0.0731623829999961,1
1588573671.1246011,982,188,1588573671.0046651,208.32395553588867,0.4853367944310706,0.5832127332687378,0.6707730889320374,0.5832127332687378,0.6707730889320374,True,180.0,0.665894976000004,0.0731623829999961,1
1588573671.1916225,983,188,1588573671.0046651,208.32395553588867,0.4853367944310706,0.5830488204956055,0.6713590025901794,0.5830488204956055,0.6713590025901794,True,180.0,0.665894976000004,0.0731623829999961,1
1588573673.2022462,1002,189,1588573673.2462282,216.65692329406738,0.269006248414216,0.3418292701244354,0.498181939125061,0.3418292701244354,0.498181939125061,True,180.0,0.665894976000004,0.0731623829999961,1
1588573673.302777,1003,189,1588573673.2462282,216.65692329406738,0.269006248414216,0.3425660729408264,0.4982966184616089,0.3425660729408264,0.4982966184616089,True,180.0,0.665894976000004,0.0731623829999961,1
1588573673.4033082,1004,189,1588573673.2462282,216.65692329406738,0.269006248414216,0.34293362498283386,0.4998136758804321,0.34293362498283386,0.4998136758804321,True,180.0,0.665894976000004,0.0731623829999961,1
1588573673.5038402,1005,189,1588573673.2462282,216.65692329406738,0.269006248414216,0.3433614671230316,0.5010508298873901,0.3433614671230316,0.5010508298873901,True,180.0,0.665894976000004,0.0731623829999961,1
1588573673.5038402,1005,190,1588573673.4712179,216.65716171264648,0.25196607016527844,0.3420137166976929,0.5049486756324768,0.3420137166976929,0.5049486756324768,True,180.0,0.665894976000004,0.0731623829999961,1
1588573673.604371,1006,190,1588573673.4712179,216.65716171264648,0.25196607016527844,0.34206998348236084,0.5067021250724792,0.34206998348236084,0.5067021250724792,True,180.0,0.665894976000004,0.0731623829999961,1
1588573673.6713922,1007,190,1588573673.4712179,216.65716171264648,0.25196607016527844,0.34272196888923645,0.5074169039726257,0.34272196888923645,0.5074169039726257,True,180.0,0.665894976000004,0.0731623829999961,1
1588573673.6713922,1007,191,1588573673.6962082,216.65596961975098,0.2543303215491001,0.3430319726467133,0.510978639125824,0.3430319726467133,0.510978639125824,True,180.0,0.665894976000004,0.0731623829999961,1
1588573673.771923,1008,191,1588573673.6962082,216.65596961975098,0.2543303215491001,0.3435578644275665,0.5121875405311584,0.3435578644275665,0.5121875405311584,True,180.0,0.665894976000004,0.0731623829999961,1
1588573673.8724544,1009,191,1588573673.6962082,216.65596961975098,0.2543303215491001,0.34468427300453186,0.5125716328620911,0.34468427300453186,0.5125716328620911,True,180.0,0.665894976000004,0.0731623829999961,1
1588573673.939475,1010,191,1588573673.6962082,216.65596961975098,0.2543303215491001,0.34472206234931946,0.5130544900894165,0.34472206234931946,0.5130544900894165,True,180.0,0.665894976000004,0.0731623829999961,1
1588573673.939475,1010,192,1588573673.9211972,133.32700729370114,0.1324279942574089,0.3444495499134064,0.5110004544258118,0.3444495499134064,0.5110004544258118,True,180.0,0.665894976000004,0.0731623829999961,1
1588573674.0400062,1011,192,1588573673.9211972,133.32700729370114,0.1324279942574089,0.3450160026550293,0.5121973156929016,0.3450160026550293,0.5121973156929016,True,180.0,0.665894976000004,0.0731623829999961,1
1588573674.3080893,1014,193,1588573674.271181,216.65716171264648,0.513457524089885,0.521923840045929,0.5638818740844727,0.521923840045929,0.5638818740844727,True,180.0,0.665894976000004,0.0731623829999961,1
1588573675.3134012,1023,197,1588573675.2211368,91.66312217712402,0.31387140184393314,0.6151785850524902,0.6173613667488098,0.6151785850524902,0.6173613667488098,True,30.0,0.421833972000009,0.0973639739999967,2
1588573675.4809532,1025,198,1588573675.4627929,133.32700729370114,0.19492787870121592,0.5033460259437561,0.609212338924408,0.5033460259437561,0.609212338924408,True,30.0,0.421833972000009,0.0973639739999967,2
1588573675.581484,1026,198,1588573675.4627929,133.32700729370114,0.19492787870121592,0.5040701031684875,0.6052173376083374,0.5040701031684875,0.6052173376083374,True,30.0,0.421833972000009,0.0973639739999967,2
1588573675.7825472,1029,199,1588573675.812777,208.32419395446775,0.1274491569385051,0.6620976328849792,0.5514419674873352,0.6620976328849792,0.5514419674873352,True,30.0,0.421833972000009,0.0973639739999967,2
1588573675.849568,1030,199,1588573675.812777,208.32419395446775,0.1274491569385051,0.6606634855270386,0.5521678924560547,0.6606634855270386,0.5521678924560547,True,30.0,0.421833972000009,0.0973639739999967,2
1588573675.9836092,1031,199,1588573675.812777,208.32419395446775,0.1274491569385051,0.6615672111511229,0.5500059723854065,0.6615672111511229,0.5500059723854065,True,30.0,0.421833972000009,0.0973639739999967,2
1588573676.08414,1032,200,1588573676.0377672,199.99003410339355,0.10943676033502003,0.6610961556434631,0.5476221442222595,0.6610961556434631,0.5476221442222595,True,30.0,0.421833972000009,0.0973639739999967,2
1588573676.184672,1033,200,1588573676.0377672,199.99003410339355,0.10943676033502003,0.66143798828125,0.5501240491867065,0.66143798828125,0.5501240491867065,True,30.0,0.421833972000009,0.0973639739999967,2
1588573676.4862652,1036,201,1588573676.5127454,1083.2829475402832,0.7846661827991115,0.6677885055541992,0.6200048923492432,0.6677885055541992,0.6200048923492432,True,30.0,0.421833972000009,0.0973639739999967,2
1588573676.7878592,1037,201,1588573676.5127454,1083.2829475402832,0.7846661827991115,0.6678882241249084,0.6203846335411072,0.6678882241249084,0.6203846335411072,True,30.0,0.421833972000009,0.0973639739999967,2
1588573676.88839,1038,201,1588573676.5127454,1083.2829475402832,0.7846661827991115,0.6680510640144348,0.6202885508537292,0.6680510640144348,0.6202885508537292,True,30.0,0.421833972000009,0.0973639739999967,2
1588573677.022432,1039,201,1588573676.5127454,1083.2829475402832,0.7846661827991115,0.6672834157943726,0.6194470524787903,0.6672834157943726,0.6194470524787903,True,30.0,0.421833972000009,0.0973639739999967,2
1588573677.189984,1040,201,1588573676.5127454,1083.2829475402832,0.7846661827991115,0.6672790050506592,0.6217938065528871,0.6672790050506592,0.6217938065528871,True,30.0,0.421833972000009,0.0973639739999967,2
1588573677.2905152,1041,201,1588573676.5127454,1083.2829475402832,0.7846661827991115,0.667133092880249,0.6229457855224609,0.667133092880249,0.6229457855224609,True,30.0,0.421833972000009,0.0973639739999967,2
1588573677.4580672,1042,201,1588573676.5127454,1083.2829475402832,0.7846661827991115,0.6671959161758423,0.6238459348678589,0.6671959161758423,0.6238459348678589,True,30.0,0.421833972000009,0.0973639739999967,2
1588573677.525088,1043,201,1588573676.5127454,1083.2829475402832,0.7846661827991115,0.667392373085022,0.6243629455566406,0.667392373085022,0.6243629455566406,True,30.0,0.421833972000009,0.0973639739999967,2
1588573677.6591294,1044,201,1588573676.5127454,1083.2829475402832,0.7846661827991115,0.6669220328330994,0.6254767775535583,0.6669220328330994,0.6254767775535583,True,30.0,0.421833972000009,0.0973639739999967,2
1588573677.6591294,1044,202,1588573677.6126945,208.32395553588867,0.10378244142917464,0.6612234115600586,0.6339086890220642,0.6612234115600586,0.6339086890220642,True,30.0,0.421833972000009,0.0973639739999967,2
1588573677.7596602,1045,202,1588573677.6126945,208.32395553588867,0.10378244142917464,0.6613003611564636,0.6338620185852051,0.6613003611564636,0.6338620185852051,True,30.0,0.421833972000009,0.0973639739999967,2
1588573677.860192,1046,202,1588573677.6126945,208.32395553588867,0.10378244142917464,0.6607656478881836,0.6342558264732361,0.6607656478881836,0.6342558264732361,True,30.0,0.421833972000009,0.0973639739999967,2
1588573677.860192,1046,203,1588573677.8376842,208.32395553588867,0.09756930945352288,0.6615808606147766,0.6316253542900085,0.6615808606147766,0.6316253542900085,True,30.0,0.421833972000009,0.0973639739999967,2
1588573677.9607232,1047,203,1588573677.8376842,208.32395553588867,0.09756930945352288,0.6611225008964539,0.6311918497085571,0.6611225008964539,0.6311918497085571,True,30.0,0.421833972000009,0.0973639739999967,2
1588573678.027744,1048,203,1588573677.8376842,208.32395553588867,0.09756930945352288,0.6609612703323364,0.6326032876968384,0.6609612703323364,0.6326032876968384,True,30.0,0.421833972000009,0.0973639739999967,2
1588573678.027744,1048,204,1588573678.062673,124.99499320983887,0.5039015265937421,0.6637099385261536,0.6330099701881409,0.6637099385261536,0.6330099701881409,True,30.0,0.421833972000009,0.0973639739999967,2
1588573678.496889,1049,205,1588573678.4376562,183.32505226135254,0.155847485557925,0.5763711333274841,0.5956794023513794,0.5763711333274841,0.5956794023513794,True,30.0,0.421833972000009,0.0973639739999967,2
1588573679.5692222,1057,208,1588573679.3042831,216.65692329406738,0.4053566770267235,0.5334221124649048,0.6278375387191772,0.5334221124649048,0.6278375387191772,True,210.0,0.562157135999989,0.0812650399999981,3
1588573679.5692222,1057,209,1588573679.5376062,216.65596961975098,0.12962711388389672,0.5320819616317749,0.6178765892982483,0.5320819616317749,0.6178765892982483,True,210.0,0.562157135999989,0.0812650399999981,3
1588573679.7032642,1058,209,1588573679.5376062,216.65596961975098,0.12962711388389672,0.5323969125747681,0.6186708807945251,0.5323969125747681,0.6186708807945251,True,210.0,0.562157135999989,0.0812650399999981,3
1588573682.451116,1082,210,1588573682.5041358,83.32896232604979,0.5392139104838809,0.4178720116615296,0.3886431455612183,0.4178720116615296,0.3886431455612183,True,210.0,0.562157135999989,0.0812650399999981,3
1588573682.585158,1083,210,1588573682.5041358,83.32896232604979,0.5392139104838809,0.4181652963161469,0.3880190849304199,0.4181652963161469,0.3880190849304199,True,210.0,0.562157135999989,0.0812650399999981,3
1588573682.7192,1084,211,1588573682.6624622,241.6548728942871,0.15223641823646555,0.4668035209178925,0.5454483032226562,0.4668035209178925,0.5454483032226562,True,210.0,0.562157135999989,0.0812650399999981,3
1588573688.7845821,1142,215,1588573688.8455114,174.99184608459473,0.7566294781197652,0.5740973353385925,0.30502697825431824,0.5740973353385925,0.30502697825431824,True,330.0,0.424912178,0.110244868000002,5
1588573688.952134,1143,215,1588573688.8455114,174.99184608459473,0.7566294781197652,0.5687747001647949,0.2991109788417816,0.5687747001647949,0.2991109788417816,True,330.0,0.424912178,0.110244868000002,5
1588573689.0526652,1144,215,1588573688.8455114,174.99184608459473,0.7566294781197652,0.5686990022659302,0.2976981997489929,0.5686990022659302,0.2976981997489929,True,330.0,0.424912178,0.110244868000002,5
1588573689.2202172,1146,216,1588573689.228826,208.32419395446775,0.5360739590023307,0.5786353945732117,0.3865145444869995,0.5786353945732117,0.3865145444869995,True,330.0,0.424912178,0.110244868000002,5
1588573689.320748,1147,216,1588573689.228826,208.32419395446775,0.5360739590023307,0.5786784291267395,0.3846668303012848,0.5786784291267395,0.3846668303012848,True,330.0,0.424912178,0.110244868000002,5
1588573689.4883,1148,216,1588573689.228826,208.32419395446775,0.5360739590023307,0.5778766870498657,0.3810686469078064,0.5778766870498657,0.3810686469078064,True,330.0,0.424912178,0.110244868000002,5
1588573689.4883,1148,217,1588573689.4621491,216.65692329406738,0.4091203768161013,0.5769611001014711,0.3806215822696686,0.5769611001014711,0.3806215822696686,True,330.0,0.424912178,0.110244868000002,5
1588573689.6558518,1149,217,1588573689.4621491,216.65692329406738,0.4091203768161013,0.5765373706817627,0.3799125552177429,0.5765373706817627,0.3799125552177429,True,330.0,0.424912178,0.110244868000002,5
1588573691.2308412,1166,218,1588573691.1537385,216.65692329406738,0.9656943614572184,0.4876116514205933,0.654390811920166,0.4876116514205933,0.654390811920166,True,330.0,0.424912178,0.110244868000002,5
1588573692.269664,1174,222,1588573692.187024,208.32300186157227,0.4732139825757072,0.6007992029190063,0.6124498844146729,0.6007992029190063,0.6124498844146729,True,270.0,0.487536359000003,0.0839973219999877,6
1588573692.3701954,1175,222,1588573692.187024,208.32300186157227,0.4732139825757072,0.6003495454788208,0.6081714034080505,0.6003495454788208,0.6081714034080505,True,270.0,0.487536359000003,0.0839973219999877,6
1588573692.3701954,1175,223,1588573692.412013,199.99098777771,0.3065171935194043,0.6013615727424622,0.6085411310195923,0.6013615727424622,0.6085411310195923,True,270.0,0.487536359000003,0.0839973219999877,6
1588573692.5377474,1176,223,1588573692.412013,199.99098777771,0.3065171935194043,0.5990041494369507,0.6037126183509827,0.5990041494369507,0.6037126183509827,True,270.0,0.487536359000003,0.0839973219999877,6
1588573692.604768,1177,223,1588573692.412013,199.99098777771,0.3065171935194043,0.5972427129745483,0.6016752123832703,0.5972427129745483,0.6016752123832703,True,270.0,0.487536359000003,0.0839973219999877,6
1588573696.793568,1217,228,1588573696.6201534,216.65692329406738,0.22121550050865899,0.5779486894607544,0.5419321656227112,0.5779486894607544,0.5419321656227112,True,150.0,0.40011491799998605,0.0934081260000141,7
1588573696.8940992,1218,229,1588573696.853476,199.99003410339355,0.14788712039112026,0.577039897441864,0.5374451875686646,0.577039897441864,0.5374451875686646,True,150.0,0.40011491799998605,0.0934081260000141,7
1588573696.99463,1219,229,1588573696.853476,199.99003410339355,0.14788712039112026,0.5773017406463623,0.5369324088096619,0.5773017406463623,0.5369324088096619,True,150.0,0.40011491799998605,0.0934081260000141,7
1588573699.641952,1244,230,1588573699.7033448,216.65620803833008,0.3325281919814913,0.5243923664093018,0.5043501257896423,0.5243923664093018,0.5043501257896423,True,150.0,0.40011491799998605,0.0934081260000141,7
1588573699.7759929,1245,230,1588573699.7033448,216.65620803833008,0.3325281919814913,0.5245590209960938,0.5038002133369446,0.5245590209960938,0.5038002133369446,True,150.0,0.40011491799998605,0.0934081260000141,7
1588573700.915347,1255,235,1588573700.9366212,216.65692329406738,0.38256702642852863,0.5560140609741211,0.5503280162811279,0.5560140609741211,0.5503280162811279,True,240.0,0.49039894099999504,0.0741887179999878,8
1588573701.116409,1256,235,1588573700.9366212,216.65692329406738,0.38256702642852863,0.5554127693176271,0.551882266998291,0.5554127693176271,0.551882266998291,True,240.0,0.49039894099999504,0.0741887179999878,8
1588573703.194054,1276,236,1588573703.1448529,141.65997505187988,0.31057086864210537,0.4379653632640839,0.25377535820007324,0.4379653632640839,0.25377535820007324,True,240.0,0.49039894099999504,0.0741887179999878,8
1588573703.2945852,1277,236,1588573703.1448529,141.65997505187988,0.31057086864210537,0.4381908178329468,0.2553967833518982,0.4381908178329468,0.2553967833518982,True,240.0,0.49039894099999504,0.0741887179999878,8
1588573705.539782,1299,239,1588573705.5030782,124.99403953552246,0.31180684168322026,0.5430322885513306,0.5761303901672363,0.5430322885513306,0.5761303901672363,True,90.0,0.49737185399996503,0.124890286999999,9
1588573705.707334,1300,239,1588573705.5030782,124.99403953552246,0.31180684168322026,0.5430210232734679,0.5705231428146362,0.5430210232734679,0.5705231428146362,True,90.0,0.49737185399996503,0.124890286999999,9
1588573705.841376,1301,240,1588573705.811397,216.65716171264648,0.5515696108230616,0.7020776867866516,0.5818584561347961,0.7020776867866516,0.5818584561347961,True,90.0,0.49737185399996503,0.124890286999999,9
1588573706.0089278,1302,240,1588573705.811397,216.65716171264648,0.5515696108230616,0.6991414427757263,0.5838745832443237,0.6991414427757263,0.5838745832443237,True,90.0,0.49737185399996503,0.124890286999999,9
1588573706.0089278,1302,241,1588573706.0363872,216.65596961975098,0.19259574429569165,0.7003313899040222,0.5725172758102417,0.7003313899040222,0.5725172758102417,True,90.0,0.49737185399996503,0.124890286999999,9
1588573706.1429694,1303,241,1588573706.0363872,216.65596961975098,0.19259574429569165,0.6983264684677124,0.5747594237327576,0.6983264684677124,0.5747594237327576,True,90.0,0.49737185399996503,0.124890286999999,9
1588573706.3105214,1304,241,1588573706.0363872,216.65596961975098,0.19259574429569165,0.6986553072929382,0.5710508823394775,0.6986553072929382,0.5710508823394775,True,90.0,0.49737185399996503,0.124890286999999,9
1588573706.3105214,1304,242,1588573706.2697089,216.65692329406738,0.1258763566565945,0.6975370645523071,0.5702564120292664,0.6975370645523071,0.5702564120292664,True,90.0,0.49737185399996503,0.124890286999999,9
1588573706.4110522,1305,242,1588573706.2697089,216.65692329406738,0.1258763566565945,0.6978847980499268,0.5716456174850464,0.6978847980499268,0.5716456174850464,True,90.0,0.49737185399996503,0.124890286999999,9
1588573706.5450945,1306,242,1588573706.2697089,216.65692329406738,0.1258763566565945,0.699172854423523,0.5745260715484619,0.699172854423523,0.5745260715484619,True,90.0,0.49737185399996503,0.124890286999999,9
1588573707.7179582,1314,243,1588573707.7613072,208.32395553588867,0.8722111067857422,0.5158101320266724,0.7480822205543518,0.5158101320266724,0.7480822205543518,True,90.0,0.49737185399996503,0.124890286999999,9
1588573707.8520002,1315,243,1588573707.7613072,208.32395553588867,0.8722111067857422,0.5163292288780212,0.7497873902320862,0.5163292288780212,0.7497873902320862,True,90.0,0.49737185399996503,0.124890286999999,9
1588573707.9190204,1316,243,1588573707.7613072,208.32395553588867,0.8722111067857422,0.5172573924064636,0.75001460313797,0.5172573924064636,0.75001460313797,True,90.0,0.49737185399996503,0.124890286999999,9
1588573707.986041,1317,243,1588573707.7613072,208.32395553588867,0.8722111067857422,0.5169549584388733,0.7506102919578552,0.5169549584388733,0.7506102919578552,True,90.0,0.49737185399996503,0.124890286999999,9
1588573707.986041,1317,244,1588573708.002963,166.65911674499512,0.7576838759046086,0.5163916349411011,0.7415286302566528,0.5163916349411011,0.7415286302566528,True,90.0,0.49737185399996503,0.124890286999999,9
1588573708.0530622,1318,244,1588573708.002963,166.65911674499512,0.7576838759046086,0.5168559551239014,0.7412452101707458,0.5168559551239014,0.7412452101707458,True,90.0,0.49737185399996503,0.124890286999999,9
1588573708.153593,1319,244,1588573708.002963,166.65911674499512,0.7576838759046086,0.5174242854118347,0.7421462535858154,0.5174242854118347,0.7421462535858154,True,90.0,0.49737185399996503,0.124890286999999,9
1588573709.3934784,1328,245,1588573709.136244,208.32419395446775,0.6058694380032434,0.511580765247345,0.474882960319519,0.511580765247345,0.474882960319519,True,300.0,0.502536335999963,0.0700778429999929,10
1588573709.3934784,1328,246,1588573709.3612342,208.32300186157227,0.1577884156403167,0.5133788585662842,0.4758423268795013,0.5133788585662842,0.4758423268795013,True,300.0,0.502536335999963,0.0700778429999929,10
1588573709.5610301,1329,246,1588573709.3612342,208.32300186157227,0.1577884156403167,0.5111691951751709,0.4725294709205627,0.5111691951751709,0.4725294709205627,True,300.0,0.502536335999963,0.0700778429999929,10
1588573709.5610301,1329,247,1588573709.594556,216.65716171264648,0.1917234326813627,0.5156164765357971,0.4738653302192688,0.5156164765357971,0.4738653302192688,True,300.0,0.502536335999963,0.0700778429999929,10
1588573709.6950722,1330,247,1588573709.594556,216.65716171264648,0.1917234326813627,0.5151554346084595,0.4698909521102905,0.5151554346084595,0.4698909521102905,True,300.0,0.502536335999963,0.0700778429999929,10
1588573709.795603,1331,247,1588573709.594556,216.65716171264648,0.1917234326813627,0.5144346356391907,0.4659936428070069,0.5144346356391907,0.4659936428070069,True,300.0,0.502536335999963,0.0700778429999929,10
1588573712.5099454,1357,248,1588573712.511089,216.65596961975098,1.2390872393887744,0.5026882886886597,0.5720942616462708,0.5026882886886597,0.5720942616462708,True,300.0,0.502536335999963,0.0700778429999929,10
1588573713.5822785,1366,252,1588573713.5610402,216.65692329406738,0.6556533368869787,0.5076079964637756,0.6256504654884338,0.5076079964637756,0.6256504654884338,True,0.0,0.644082881000031,0.0981995400000102,11
1588573713.7833402,1367,252,1588573713.5610402,216.65692329406738,0.6556533368869787,0.5086431503295898,0.63006591796875,0.5086431503295898,0.63006591796875,True,0.0,0.644082881000031,0.0981995400000102,11
1588573713.7833402,1367,253,1588573713.7943633,83.3299160003662,0.353976311670507,0.5108914375305176,0.6283130645751953,0.5108914375305176,0.6283130645751953,True,0.0,0.644082881000031,0.0981995400000102,11
1588573713.9508922,1368,253,1588573713.7943633,83.3299160003662,0.353976311670507,0.5095672607421875,0.6289955377578735,0.5095672607421875,0.6289955377578735,True,0.0,0.644082881000031,0.0981995400000102,11
1588573718.474796,1418,254,1588573718.5108132,216.65596961975098,0.2650989443220981,0.6732720732688904,0.4973592162132263,0.6732720732688904,0.4973592162132263,True,60.0,0.480100300999965,0.14287460700001,12
1588573718.608838,1419,254,1588573718.5108132,216.65596961975098,0.2650989443220981,0.6753301024436951,0.5009369850158691,0.6753301024436951,0.5009369850158691,True,60.0,0.480100300999965,0.14287460700001,12
1588573718.74288,1420,254,1588573718.5108132,216.65596961975098,0.2650989443220981,0.6717992424964905,0.498683363199234,0.6717992424964905,0.498683363199234,True,60.0,0.480100300999965,0.14287460700001,12
1588573718.74288,1420,255,1588573718.7441351,183.32505226135254,0.2624684984889482,0.6754429340362549,0.5036786794662476,0.6754429340362549,0.5036786794662476,True,60.0,0.480100300999965,0.14287460700001,12
1588573718.910432,1421,255,1588573718.7441351,183.32505226135254,0.2624684984889482,0.6734690666198729,0.4981871247291565,0.6734690666198729,0.4981871247291565,True,60.0,0.480100300999965,0.14287460700001,12
1588573719.781702,1429,256,1588573719.902415,216.65716171264648,1.4460141724439752,0.6068253517150879,0.7092877626419067,0.6068253517150879,0.7092877626419067,True,60.0,0.480100300999965,0.14287460700001,12
1588573720.0497851,1430,256,1588573719.902415,216.65716171264648,1.4460141724439752,0.607040286064148,0.7142255902290344,0.607040286064148,0.7142255902290344,True,60.0,0.480100300999965,0.14287460700001,12
1588573720.2173374,1431,257,1588573720.144071,216.65716171264648,0.14814890369389008,0.6028618812561035,0.7076662182807922,0.6028618812561035,0.7076662182807922,True,60.0,0.480100300999965,0.14287460700001,12
1588573720.3178682,1432,257,1588573720.144071,216.65716171264648,0.14814890369389008,0.6023369431495667,0.7057116627693176,0.6023369431495667,0.7057116627693176,True,60.0,0.480100300999965,0.14287460700001,12
1588573720.4184,1433,258,1588573720.3773944,216.65596961975098,0.10471828501319623,0.6036489009857178,0.7077597975730896,0.6036489009857178,0.7077597975730896,True,60.0,0.480100300999965,0.14287460700001,12
1588573720.5524411,1434,258,1588573720.3773944,216.65596961975098,0.10471828501319623,0.6045909523963928,0.7086342573165894,0.6045909523963928,0.7086342573165894,True,60.0,0.480100300999965,0.14287460700001,12
1588573720.6194625,1435,258,1588573720.3773944,216.65596961975098,0.10471828501319623,0.6045011281967163,0.7096530795097351,0.6045011281967163,0.7096530795097351,True,60.0,0.480100300999965,0.14287460700001,12
1588573720.6194625,1435,259,1588573720.610716,216.65716171264648,0.1359108175152495,0.6064118146896362,0.7047411203384399,0.6064118146896362,0.7047411203384399,True,60.0,0.480100300999965,0.14287460700001,12
1588573720.7535038,1436,259,1588573720.610716,216.65716171264648,0.1359108175152495,0.6071598529815674,0.7074288129806519,0.6071598529815674,0.7074288129806519,True,60.0,0.480100300999965,0.14287460700001,12
1588573720.8205242,1437,259,1588573720.610716,216.65716171264648,0.1359108175152495,0.6072242259979248,0.7075051665306091,0.6072242259979248,0.7075051665306091,True,60.0,0.480100300999965,0.14287460700001,12
1588573722.3620028,1450,260,1588573722.3189714,199.99098777771,0.2831900012449562,0.5737358927726746,0.6056861281394958,0.5737358927726746,0.6056861281394958,True,300.0,0.485801782999985,0.0657793120000179,13
1588573722.4290242,1451,260,1588573722.3189714,199.99098777771,0.2831900012449562,0.5738682150840759,0.6049461960792542,0.5738682150840759,0.6049461960792542,True,300.0,0.485801782999985,0.0657793120000179,13
1588573722.5965762,1452,260,1588573722.3189714,199.99098777771,0.2831900012449562,0.5725056529045105,0.597858726978302,0.5725056529045105,0.597858726978302,True,300.0,0.485801782999985,0.0657793120000179,13
1588573722.9651902,1455,261,1588573722.9689412,208.32395553588867,0.8083239840416583,0.4896481931209564,0.3509308397769928,0.4896481931209564,0.3509308397769928,True,300.0,0.485801782999985,0.0657793120000179,13
1588573723.1327422,1456,261,1588573722.9689412,208.32395553588867,0.8083239840416583,0.4855048060417175,0.3516061305999756,0.4855048060417175,0.3516061305999756,True,300.0,0.485801782999985,0.0657793120000179,13
1588573728.5614269,1511,263,1588573728.6270142,208.32395553588867,0.9239049641014696,0.6608669757843018,0.4648684561252594,0.6608669757843018,0.4648684561252594,True,0.0,0.5122808200000011,0.0642850119999849,14
1588573728.6954682,1512,263,1588573728.6270142,208.32395553588867,0.9239049641014696,0.6613867878913879,0.4650824368000031,0.6613867878913879,0.4650824368000031,True,0.0,0.5122808200000011,0.0642850119999849,14
1588573728.7960002,1513,263,1588573728.6270142,208.32395553588867,0.9239049641014696,0.6615585684776306,0.4659154415130615,0.6615585684776306,0.4659154415130615,True,0.0,0.5122808200000011,0.0642850119999849,14
1588573728.7960002,1513,264,1588573728.8603373,208.32300186157227,0.11631003453682286,0.68226557970047,0.4620336890220642,0.68226557970047,0.4620336890220642,True,0.0,0.5122808200000011,0.0642850119999849,14
1588573728.930041,1514,264,1588573728.8603373,208.32300186157227,0.11631003453682286,0.6814208030700684,0.4629511833190918,0.6814208030700684,0.4629511833190918,True,0.0,0.5122808200000011,0.0642850119999849,14
1588573729.1311042,1515,264,1588573728.8603373,208.32300186157227,0.11631003453682286,0.6813927888870239,0.4658458232879639,0.6813927888870239,0.4658458232879639,True,0.0,0.5122808200000011,0.0642850119999849,14
1588573729.1311042,1515,265,1588573729.0853262,216.65692329406738,0.07564301315519792,0.6820640563964844,0.4657462537288666,0.6820640563964844,0.4657462537288666,True,0.0,0.5122808200000011,0.0642850119999849,14
1588573729.2651448,1516,265,1588573729.0853262,216.65692329406738,0.07564301315519792,0.6815430521965027,0.4661293029785156,0.6815430521965027,0.4661293029785156,True,0.0,0.5122808200000011,0.0642850119999849,14
1588573729.2651448,1516,266,1588573729.318649,191.65802001953125,0.276792427783237,0.6820752620697021,0.4678015112876892,0.6820752620697021,0.4678015112876892,True,0.0,0.5122808200000011,0.0642850119999849,14
1588573729.3991868,1517,266,1588573729.318649,191.65802001953125,0.276792427783237,0.6815582513809204,0.4640680849552154,0.6815582513809204,0.4640680849552154,True,0.0,0.5122808200000011,0.0642850119999849,14
1588573729.5332284,1518,266,1588573729.318649,191.65802001953125,0.276792427783237,0.6807703375816345,0.4606561064720154,0.6807703375816345,0.4606561064720154,True,0.0,0.5122808200000011,0.0642850119999849,14
1588573735.766163,1578,269,1588573735.67669,208.32300186157227,0.3193077865709886,0.6062486171722412,0.5495988130569458,0.6062486171722412,0.5495988130569458,True,330.0,0.386545749999996,0.088914219000003,16
1588573735.766163,1578,270,1588573735.9016788,191.65802001953125,0.12900981650366178,0.6074493527412415,0.5488352775573729,0.6074493527412415,0.5488352775573729,True,330.0,0.386545749999996,0.088914219000003,16
1588573736.3023288,1579,270,1588573735.9016788,191.65802001953125,0.12900981650366178,0.6060366630554199,0.5420958399772644,0.6060366630554199,0.5420958399772644,True,330.0,0.386545749999996,0.088914219000003,16
1588573757.1793082,1777,271,1588573757.11737,83.3299160003662,0.2881203616624296,0.5129965543746948,0.6460684537887573,0.5129965543746948,0.6460684537887573,True,150.0,0.44304831200005895,0.0694559150000202,21
1588573790.79024,2121,273,1588573790.7574892,216.65692329406738,0.2278750894044231,0.5836170315742493,0.5373424887657166,0.5836170315742493,0.5373424887657166,True,120.0,0.39741664399991794,0.075345542000008,29
1588573790.8907714,2122,273,1588573790.7574892,216.65692329406738,0.2278750894044231,0.5836513638496399,0.5367962718009949,0.5836513638496399,0.5367962718009949,True,120.0,0.39741664399991794,0.075345542000008,29
1588573790.9913025,2123,273,1588573790.7574892,216.65692329406738,0.2278750894044231,0.5838406682014465,0.5348132252693176,0.5838406682014465,0.5348132252693176,True,120.0,0.39741664399991794,0.075345542000008,29
1588573790.9913025,2123,274,1588573790.9824789,208.32395553588867,0.15085399230083016,0.5824115872383118,0.5374706387519836,0.5824115872383118,0.5374706387519836,True,120.0,0.39741664399991794,0.075345542000008,29
1588573791.1588542,2124,274,1588573790.9824789,208.32395553588867,0.15085399230083016,0.5818970203399658,0.5333955883979797,0.5818970203399658,0.5333955883979797,True,120.0,0.39741664399991794,0.075345542000008,29
1588573791.1588542,2124,275,1588573791.2241342,191.65802001953125,0.3194972756231761,0.5846310257911682,0.5312300324440002,0.5846310257911682,0.5312300324440002,True,120.0,0.39741664399991794,0.075345542000008,29
1588573791.2928965,2125,275,1588573791.2241342,191.65802001953125,0.3194972756231761,0.5810622572898865,0.5358352065086365,0.5810622572898865,0.5358352065086365,True,120.0,0.39741664399991794,0.075345542000008,29
1588573791.3934274,2126,275,1588573791.2241342,191.65802001953125,0.3194972756231761,0.5784996747970581,0.5392695069313049,0.5784996747970581,0.5392695069313049,True,120.0,0.39741664399991794,0.075345542000008,29
1588573803.9933374,2225,276,1588573803.8902185,183.32481384277344,0.3134570529068028,0.6880194544792175,0.5937917232513428,0.6880194544792175,0.5937917232513428,True,90.0,0.45802982800006503,0.08900016300003698,32
1588573803.9933374,2225,277,1588573804.123541,166.65911674499512,0.09908958354359172,0.691528856754303,0.5937313437461853,0.691528856754303,0.5937313437461853,True,90.0,0.45802982800006503,0.08900016300003698,32
1588573804.4289722,2226,277,1588573804.123541,166.65911674499512,0.09908958354359172,0.6907444000244141,0.5831877589225769,0.6907444000244141,0.5831877589225769,True,90.0,0.45802982800006503,0.08900016300003698,32
1588573815.453894,2323,278,1588573815.4396873,199.99098777771,0.7375539959305394,0.4656812846660614,0.5334716439247131,0.4656812846660614,0.5334716439247131,True,300.0,0.54071779800006,0.0649178749999635,34
1588573817.0623932,2335,280,1588573816.289648,1041.619062423706,1.4311124970957394,0.5271996259689331,0.5063388943672179,0.5271996259689331,0.5063388943672179,True,60.0,0.49360278300002797,0.131748731999977,35
1588573817.129414,2336,280,1588573816.289648,1041.619062423706,1.4311124970957394,0.5272721648216248,0.506452739238739,0.5272721648216248,0.506452739238739,True,60.0,0.49360278300002797,0.131748731999977,35
1588573817.2299454,2337,280,1588573816.289648,1041.619062423706,1.4311124970957394,0.5279585123062134,0.5082525610923767,0.5279585123062134,0.5082525610923767,True,60.0,0.49360278300002797,0.131748731999977,35
1588573817.296966,2338,280,1588573816.289648,1041.619062423706,1.4311124970957394,0.5286886692047119,0.5088726878166199,0.5286886692047119,0.5088726878166199,True,60.0,0.49360278300002797,0.131748731999977,35
1588573818.46983,2349,281,1588573818.4312162,224.9898910522461,0.5947768331553849,0.5907812118530273,0.6634398102760315,0.5907812118530273,0.6634398102760315,True,60.0,0.49360278300002797,0.131748731999977,35
1588573818.5368512,2350,281,1588573818.4312162,224.9898910522461,0.5947768331553849,0.5905104279518127,0.6625563502311707,0.5905104279518127,0.6625563502311707,True,60.0,0.49360278300002797,0.131748731999977,35
1588573818.7044034,2351,281,1588573818.4312162,224.9898910522461,0.5947768331553849,0.5904110074043274,0.6636527180671692,0.5904110074043274,0.6636527180671692,True,60.0,0.49360278300002797,0.131748731999977,35
1588573818.7044034,2351,282,1588573818.681205,216.65620803833008,0.1937902663886824,0.6030158996582031,0.6817638278007507,0.6030158996582031,0.6817638278007507,True,60.0,0.49360278300002797,0.131748731999977,35
1588573818.8384442,2352,282,1588573818.681205,216.65620803833008,0.1937902663886824,0.6031730771064758,0.6807312369346619,0.6031730771064758,0.6807312369346619,True,60.0,0.49360278300002797,0.131748731999977,35
1588573818.938976,2353,282,1588573818.681205,216.65620803833008,0.1937902663886824,0.6031745672225952,0.6807860732078552,0.6031745672225952,0.6807860732078552,True,60.0,0.49360278300002797,0.131748731999977,35
1588573818.938976,2353,283,1588573818.92286,216.65692329406738,0.13934655501135718,0.6024724841117859,0.6811617612838745,0.6024724841117859,0.6811617612838745,True,60.0,0.49360278300002797,0.131748731999977,35
1588573819.0395072,2354,283,1588573818.92286,216.65692329406738,0.13934655501135718,0.6015346646308899,0.6783928275108337,0.6015346646308899,0.6783928275108337,True,60.0,0.49360278300002797,0.131748731999977,35
1588573819.1400385,2355,283,1588573818.92286,216.65692329406738,0.13934655501135718,0.6015236973762512,0.6742103099822998,0.6015236973762512,0.6742103099822998,True,60.0,0.49360278300002797,0.131748731999977,35
1588573819.1400385,2355,284,1588573819.1561832,216.65596961975098,0.2348652642886829,0.6015332937240601,0.6797606348991394,0.6015332937240601,0.6797606348991394,True,60.0,0.49360278300002797,0.131748731999977,35
1588573819.2405689,2356,284,1588573819.1561832,216.65596961975098,0.2348652642886829,0.6001593470573425,0.6769537329673767,0.6001593470573425,0.6769537329673767,True,60.0,0.49360278300002797,0.131748731999977,35
1588573819.3075902,2357,284,1588573819.1561832,216.65596961975098,0.2348652642886829,0.5994051694869995,0.6755207180976868,0.5994051694869995,0.6755207180976868,True,60.0,0.49360278300002797,0.131748731999977,35
1588573819.408121,2358,284,1588573819.1561832,216.65596961975098,0.2348652642886829,0.598225474357605,0.6715798377990723,0.598225474357605,0.6715798377990723,True,60.0,0.49360278300002797,0.131748731999977,35
1588573819.408121,2358,285,1588573819.3811722,208.32395553588867,0.15853857093319235,0.6018024682998657,0.6786106824874878,0.6018024682998657,0.6786106824874878,True,60.0,0.49360278300002797,0.131748731999977,35
1588573819.575673,2359,285,1588573819.3811722,208.32395553588867,0.15853857093319235,0.6014934778213501,0.6750468611717224,0.6014934778213501,0.6750468611717224,True,60.0,0.49360278300002797,0.131748731999977,35
1588573819.575673,2359,286,1588573819.6061618,208.32419395446775,0.15034195552095814,0.6022210121154785,0.6816832423210144,0.6022210121154785,0.6816832423210144,True,60.0,0.49360278300002797,0.131748731999977,35
1588573819.6426942,2360,286,1588573819.6061618,208.32419395446775,0.15034195552095814,0.6016216278076172,0.6808139681816101,0.6016216278076172,0.6808139681816101,True,60.0,0.49360278300002797,0.131748731999977,35
1588573819.8437562,2361,286,1588573819.6061618,208.32419395446775,0.15034195552095814,0.6019250750541687,0.6812358498573303,0.6019250750541687,0.6812358498573303,True,60.0,0.49360278300002797,0.131748731999977,35
1588573819.8437562,2361,287,1588573819.8311524,33581.78806304932,1.3237209977357312,0.6018568873405457,0.6757274270057678,0.6018568873405457,0.6757274270057678,True,60.0,0.49360278300002797,0.131748731999977,35
1588573820.0448189,2362,287,1588573819.8311524,33581.78806304932,1.3237209977357312,0.6027591228485107,0.6771945357322693,0.6027591228485107,0.6771945357322693,True,60.0,0.49360278300002797,0.131748731999977,35
1588573820.1453502,2363,287,1588573819.8311524,33581.78806304932,1.3237209977357312,0.6040409803390503,0.6764256358146667,0.6040409803390503,0.6764256358146667,True,60.0,0.49360278300002797,0.131748731999977,35
1588573821.3182142,2375,287,1588573819.8311524,33581.78806304932,1.3237209977357312,0.6044941544532776,0.6919136047363281,0.6044941544532776,0.6919136047363281,True,150.0,0.477114951999965,0.132052774000016,36
1588573821.418745,2376,287,1588573819.8311524,33581.78806304932,1.3237209977357312,0.6044731736183167,0.69276362657547,0.6044731736183167,0.69276362657547,True,150.0,0.477114951999965,0.132052774000016,36
1588573821.4857662,2377,287,1588573819.8311524,33581.78806304932,1.3237209977357312,0.6049344539642334,0.6923344135284424,0.6049344539642334,0.6923344135284424,True,150.0,0.477114951999965,0.132052774000016,36
1588573821.586297,2378,287,1588573819.8311524,33581.78806304932,1.3237209977357312,0.6045973896980286,0.6933011412620544,0.6045973896980286,0.6933011412620544,True,150.0,0.477114951999965,0.132052774000016,36
1588573821.720339,2379,287,1588573819.8311524,33581.78806304932,1.3237209977357312,0.6063387989997864,0.6939631104469299,0.6063387989997864,0.6939631104469299,True,150.0,0.477114951999965,0.132052774000016,36
1588573821.8543801,2380,287,1588573819.8311524,33581.78806304932,1.3237209977357312,0.6084824204444885,0.6952425241470337,0.6084824204444885,0.6952425241470337,True,150.0,0.477114951999965,0.132052774000016,36
1588573822.0219321,2381,287,1588573819.8311524,33581.78806304932,1.3237209977357312,0.6041268706321716,0.6977130174636841,0.6041268706321716,0.6977130174636841,True,150.0,0.477114951999965,0.132052774000016,36
1588573822.1224642,2382,287,1588573819.8311524,33581.78806304932,1.3237209977357312,0.6004188656806946,0.6953954100608826,0.6004188656806946,0.6953954100608826,True,150.0,0.477114951999965,0.132052774000016,36
1588573822.189484,2383,287,1588573819.8311524,33581.78806304932,1.3237209977357312,0.5989975333213806,0.6938465237617493,0.5989975333213806,0.6938465237617493,True,150.0,0.477114951999965,0.132052774000016,36
1588573822.3570359,2384,287,1588573819.8311524,33581.78806304932,1.3237209977357312,0.5972962975502014,0.6902331709861755,0.5972962975502014,0.6902331709861755,True,150.0,0.477114951999965,0.132052774000016,36
1588573822.4575682,2385,287,1588573819.8311524,33581.78806304932,1.3237209977357312,0.5969797372817993,0.6889069676399231,0.5969797372817993,0.6889069676399231,True,150.0,0.477114951999965,0.132052774000016,36
1588573822.5916092,2386,287,1588573819.8311524,33581.78806304932,1.3237209977357312,0.5958904623985289,0.6853471398353577,0.5958904623985289,0.6853471398353577,True,150.0,0.477114951999965,0.132052774000016,36
1588573822.69214,2387,287,1588573819.8311524,33581.78806304932,1.3237209977357312,0.5962237715721129,0.6857909560203552,0.5962237715721129,0.6857909560203552,True,150.0,0.477114951999965,0.132052774000016,36
1588573822.8261821,2388,287,1588573819.8311524,33581.78806304932,1.3237209977357312,0.5957278609275818,0.6832727193832397,0.5957278609275818,0.6832727193832397,True,150.0,0.477114951999965,0.132052774000016,36
1588573822.8932033,2389,287,1588573819.8311524,33581.78806304932,1.3237209977357312,0.5957373976707458,0.6837684512138367,0.5957373976707458,0.6837684512138367,True,150.0,0.477114951999965,0.132052774000016,36
1588573823.0272439,2390,287,1588573819.8311524,33581.78806304932,1.3237209977357312,0.5959383845329285,0.6870555281639099,0.5959383845329285,0.6870555281639099,True,150.0,0.477114951999965,0.132052774000016,36
1588573823.127776,2391,287,1588573819.8311524,33581.78806304932,1.3237209977357312,0.5970165133476257,0.6865706443786621,0.5970165133476257,0.6865706443786621,True,150.0,0.477114951999965,0.132052774000016,36
1588573823.328838,2392,287,1588573819.8311524,33581.78806304932,1.3237209977357312,0.5973499417304993,0.6891037225723267,0.5973499417304993,0.6891037225723267,True,150.0,0.477114951999965,0.132052774000016,36
1588573823.4293694,2393,287,1588573819.8311524,33581.78806304932,1.3237209977357312,0.5979253649711609,0.6896106600761414,0.5979253649711609,0.6896106600761414,True,150.0,0.477114951999965,0.132052774000016,36
1588573823.5299,2394,287,1588573819.8311524,33581.78806304932,1.3237209977357312,0.598103940486908,0.6919923424720764,0.598103940486908,0.6919923424720764,True,150.0,0.477114951999965,0.132052774000016,36
1588573823.5969212,2395,287,1588573819.8311524,33581.78806304932,1.3237209977357312,0.5986088514328003,0.6925675272941589,0.5986088514328003,0.6925675272941589,True,150.0,0.477114951999965,0.132052774000016,36
1588573823.663942,2396,287,1588573819.8311524,33581.78806304932,1.3237209977357312,0.5989646315574646,0.6923620700836182,0.5989646315574646,0.6923620700836182,True,150.0,0.477114951999965,0.132052774000016,36
1588573823.7644732,2397,287,1588573819.8311524,33581.78806304932,1.3237209977357312,0.5988731980323792,0.6929121017456055,0.5988731980323792,0.6929121017456055,True,150.0,0.477114951999965,0.132052774000016,36
1588573823.8650038,2398,287,1588573819.8311524,33581.78806304932,1.3237209977357312,0.599008321762085,0.6929224729537964,0.599008321762085,0.6929224729537964,True,150.0,0.477114951999965,0.132052774000016,36
1588573823.9655359,2399,287,1588573819.8311524,33581.78806304932,1.3237209977357312,0.5988848805427551,0.694390594959259,0.5988848805427551,0.694390594959259,True,150.0,0.477114951999965,0.132052774000016,36
1588573824.133088,2400,287,1588573819.8311524,33581.78806304932,1.3237209977357312,0.5987752676010132,0.6958422660827637,0.5987752676010132,0.6958422660827637,True,150.0,0.477114951999965,0.132052774000016,36
1588573824.200108,2401,287,1588573819.8311524,33581.78806304932,1.3237209977357312,0.5988973379135132,0.6968855261802673,0.5988973379135132,0.6968855261802673,True,150.0,0.477114951999965,0.132052774000016,36
1588573824.30064,2402,287,1588573819.8311524,33581.78806304932,1.3237209977357312,0.5994333624839783,0.6973994970321655,0.5994333624839783,0.6973994970321655,True,150.0,0.477114951999965,0.132052774000016,36
1588573824.4011712,2403,287,1588573819.8311524,33581.78806304932,1.3237209977357312,0.600307822227478,0.6981635689735413,0.600307822227478,0.6981635689735413,True,150.0,0.477114951999965,0.132052774000016,36
1588573825.4399931,2413,287,1588573819.8311524,33581.78806304932,1.3237209977357312,0.6006366014480591,0.6947040557861328,0.6006366014480591,0.6947040557861328,True,270.0,0.5589115570000439,0.0624829600000112,37
1588573825.5405242,2414,287,1588573819.8311524,33581.78806304932,1.3237209977357312,0.5995891690254211,0.6933630704879761,0.5995891690254211,0.6933630704879761,True,270.0,0.5589115570000439,0.0624829600000112,37
1588573825.5740352,2415,287,1588573819.8311524,33581.78806304932,1.3237209977357312,0.5989097952842712,0.6923061609268188,0.5989097952842712,0.6923061609268188,True,270.0,0.5589115570000439,0.0624829600000112,37
1588573825.6745665,2416,287,1588573819.8311524,33581.78806304932,1.3237209977357312,0.5986750721931458,0.6879492998123169,0.5986750721931458,0.6879492998123169,True,270.0,0.5589115570000439,0.0624829600000112,37
1588573825.7415874,2417,287,1588573819.8311524,33581.78806304932,1.3237209977357312,0.5971305966377258,0.6887220740318298,0.5971305966377258,0.6887220740318298,True,270.0,0.5589115570000439,0.0624829600000112,37
1588573825.808608,2418,287,1588573819.8311524,33581.78806304932,1.3237209977357312,0.5967949032783508,0.6873942017555237,0.5967949032783508,0.6873942017555237,True,270.0,0.5589115570000439,0.0624829600000112,37
1588573825.9091392,2419,287,1588573819.8311524,33581.78806304932,1.3237209977357312,0.5966125726699829,0.6865852475166321,0.5966125726699829,0.6865852475166321,True,270.0,0.5589115570000439,0.0624829600000112,37
1588573826.0431802,2420,287,1588573819.8311524,33581.78806304932,1.3237209977357312,0.599748432636261,0.6863722801208496,0.599748432636261,0.6863722801208496,True,270.0,0.5589115570000439,0.0624829600000112,37
1588573826.1772225,2421,287,1588573819.8311524,33581.78806304932,1.3237209977357312,0.6015747785568237,0.6861322522163391,0.6015747785568237,0.6861322522163391,True,270.0,0.5589115570000439,0.0624829600000112,37
1588573826.2442431,2422,287,1588573819.8311524,33581.78806304932,1.3237209977357312,0.6006603240966797,0.6874948143959045,0.6006603240966797,0.6874948143959045,True,270.0,0.5589115570000439,0.0624829600000112,37
1588573826.311264,2423,287,1588573819.8311524,33581.78806304932,1.3237209977357312,0.5995278358459473,0.6883314847946167,0.5995278358459473,0.6883314847946167,True,270.0,0.5589115570000439,0.0624829600000112,37
1588573826.445305,2424,287,1588573819.8311524,33581.78806304932,1.3237209977357312,0.5989622473716736,0.6895678043365479,0.5989622473716736,0.6895678043365479,True,270.0,0.5589115570000439,0.0624829600000112,37
1588573826.5793474,2425,287,1588573819.8311524,33581.78806304932,1.3237209977357312,0.5991462469100952,0.6902957558631897,0.5991462469100952,0.6902957558631897,True,270.0,0.5589115570000439,0.0624829600000112,37
1588573826.780409,2426,287,1588573819.8311524,33581.78806304932,1.3237209977357312,0.5995343327522278,0.6927341818809509,0.5995343327522278,0.6927341818809509,True,270.0,0.5589115570000439,0.0624829600000112,37
1588573826.9814725,2427,287,1588573819.8311524,33581.78806304932,1.3237209977357312,0.5993382930755615,0.6934295296669006,0.5993382930755615,0.6934295296669006,True,270.0,0.5589115570000439,0.0624829600000112,37
1588573827.0149822,2428,287,1588573819.8311524,33581.78806304932,1.3237209977357312,0.5995274782180786,0.6938309073448181,0.5995274782180786,0.6938309073448181,True,270.0,0.5589115570000439,0.0624829600000112,37
1588573827.0820029,2429,287,1588573819.8311524,33581.78806304932,1.3237209977357312,0.5996838212013245,0.6941757798194885,0.5996838212013245,0.6941757798194885,True,270.0,0.5589115570000439,0.0624829600000112,37
1588573827.1490242,2430,287,1588573819.8311524,33581.78806304932,1.3237209977357312,0.5997655987739563,0.6944345235824585,0.5997655987739563,0.6944345235824585,True,270.0,0.5589115570000439,0.0624829600000112,37
1588573827.2160444,2431,287,1588573819.8311524,33581.78806304932,1.3237209977357312,0.6002782583236694,0.6946419477462769,0.6002782583236694,0.6946419477462769,True,270.0,0.5589115570000439,0.0624829600000112,37
1588573827.283065,2432,287,1588573819.8311524,33581.78806304932,1.3237209977357312,0.6006269454956055,0.694679319858551,0.6006269454956055,0.694679319858551,True,270.0,0.5589115570000439,0.0624829600000112,37
1588573828.0202944,2433,287,1588573819.8311524,33581.78806304932,1.3237209977357312,0.6013940572738647,0.6967121958732605,0.6013940572738647,0.6967121958732605,True,270.0,0.5589115570000439,0.0624829600000112,37
1588573828.087315,2434,287,1588573819.8311524,33581.78806304932,1.3237209977357312,0.6014353632926941,0.6966091990470886,0.6014353632926941,0.6966091990470886,True,270.0,0.5589115570000439,0.0624829600000112,37
1588573828.1878462,2435,287,1588573819.8311524,33581.78806304932,1.3237209977357312,0.6014885306358337,0.6941227912902832,0.6014885306358337,0.6941227912902832,True,270.0,0.5589115570000439,0.0624829600000112,37
1588573828.3553982,2436,287,1588573819.8311524,33581.78806304932,1.3237209977357312,0.6004093289375305,0.6907892823219299,0.6004093289375305,0.6907892823219299,True,270.0,0.5589115570000439,0.0624829600000112,37
1588573828.55646,2437,287,1588573819.8311524,33581.78806304932,1.3237209977357312,0.5993906855583191,0.690341055393219,0.5993906855583191,0.690341055393219,True,270.0,0.5589115570000439,0.0624829600000112,37
1588573829.9974082,2445,287,1588573819.8311524,33581.78806304932,1.3237209977357312,0.6006503105163574,0.6939830780029297,0.6006503105163574,0.6939830780029297,True,240.0,0.5268471479999729,0.0755941480000217,38
1588573830.0979393,2446,287,1588573819.8311524,33581.78806304932,1.3237209977357312,0.6003628969192505,0.6952702403068542,0.6003628969192505,0.6952702403068542,True,240.0,0.5268471479999729,0.0755941480000217,38
1588573830.1984699,2447,287,1588573819.8311524,33581.78806304932,1.3237209977357312,0.6017977595329285,0.6948891878128052,0.6017977595329285,0.6948891878128052,True,240.0,0.5268471479999729,0.0755941480000217,38
1588573830.366022,2448,287,1588573819.8311524,33581.78806304932,1.3237209977357312,0.6008707284927368,0.6968741416931152,0.6008707284927368,0.6968741416931152,True,240.0,0.5268471479999729,0.0755941480000217,38
1588573830.5000641,2449,287,1588573819.8311524,33581.78806304932,1.3237209977357312,0.5985677242279053,0.6956602931022644,0.5985677242279053,0.6956602931022644,True,240.0,0.5268471479999729,0.0755941480000217,38
1588573830.7011259,2450,287,1588573819.8311524,33581.78806304932,1.3237209977357312,0.5989871621131897,0.6971129775047302,0.5989871621131897,0.6971129775047302,True,240.0,0.5268471479999729,0.0755941480000217,38
1588573830.835168,2451,287,1588573819.8311524,33581.78806304932,1.3237209977357312,0.599142849445343,0.6990011930465698,0.599142849445343,0.6990011930465698,True,240.0,0.5268471479999729,0.0755941480000217,38
1588573831.03623,2452,287,1588573819.8311524,33581.78806304932,1.3237209977357312,0.5984441637992859,0.6936221122741699,0.5984441637992859,0.6936221122741699,True,240.0,0.5268471479999729,0.0755941480000217,38
1588573831.203782,2453,287,1588573819.8311524,33581.78806304932,1.3237209977357312,0.5982443690299988,0.6895442605018616,0.5982443690299988,0.6895442605018616,True,240.0,0.5268471479999729,0.0755941480000217,38
1588573831.4718652,2454,287,1588573819.8311524,33581.78806304932,1.3237209977357312,0.5966961979866028,0.6846746206283569,0.5966961979866028,0.6846746206283569,True,240.0,0.5268471479999729,0.0755941480000217,38
1588573831.739948,2455,287,1588573819.8311524,33581.78806304932,1.3237209977357312,0.5956456065177917,0.6791149973869324,0.5956456065177917,0.6791149973869324,True,240.0,0.5268471479999729,0.0755941480000217,38
1588573831.9410114,2456,287,1588573819.8311524,33581.78806304932,1.3237209977357312,0.5957357883453369,0.6787049770355225,0.5957357883453369,0.6787049770355225,True,240.0,0.5268471479999729,0.0755941480000217,38
1588573832.2761152,2457,287,1588573819.8311524,33581.78806304932,1.3237209977357312,0.5959859490394592,0.6814698576927185,0.5959859490394592,0.6814698576927185,True,240.0,0.5268471479999729,0.0755941480000217,38
1588573832.4101562,2458,287,1588573819.8311524,33581.78806304932,1.3237209977357312,0.596552312374115,0.6835899949073792,0.596552312374115,0.6835899949073792,True,240.0,0.5268471479999729,0.0755941480000217,38
1588573832.544198,2459,287,1588573819.8311524,33581.78806304932,1.3237209977357312,0.5965070128440857,0.685865581035614,0.5965070128440857,0.685865581035614,True,240.0,0.5268471479999729,0.0755941480000217,38
1588573832.6447294,2460,287,1588573819.8311524,33581.78806304932,1.3237209977357312,0.5970615744590759,0.6867190599441528,0.5970615744590759,0.6867190599441528,True,240.0,0.5268471479999729,0.0755941480000217,38
1588573832.7787714,2461,287,1588573819.8311524,33581.78806304932,1.3237209977357312,0.5968714952468872,0.6876509189605713,0.5968714952468872,0.6876509189605713,True,240.0,0.5268471479999729,0.0755941480000217,38
1588573832.8793025,2462,287,1588573819.8311524,33581.78806304932,1.3237209977357312,0.5976554155349731,0.6876686215400696,0.5976554155349731,0.6876686215400696,True,240.0,0.5268471479999729,0.0755941480000217,38
1588573833.3149369,2463,287,1588573819.8311524,33581.78806304932,1.3237209977357312,0.6015154719352722,0.6939075589179993,0.6015154719352722,0.6939075589179993,True,240.0,0.5268471479999729,0.0755941480000217,38
1588573834.2532284,2469,287,1588573819.8311524,33581.78806304932,1.3237209977357312,0.6014793515205383,0.6937149167060852,0.6014793515205383,0.6937149167060852,True,150.0,0.36881120600000394,0.10995345099996699,39
1588573834.3872702,2470,287,1588573819.8311524,33581.78806304932,1.3237209977357312,0.6007633209228516,0.6918090581893921,0.6007633209228516,0.6918090581893921,True,150.0,0.36881120600000394,0.10995345099996699,39
1588573834.5548222,2471,287,1588573819.8311524,33581.78806304932,1.3237209977357312,0.6015906929969788,0.6880265474319458,0.6015906929969788,0.6880265474319458,True,150.0,0.36881120600000394,0.10995345099996699,39
1588573834.6888642,2472,287,1588573819.8311524,33581.78806304932,1.3237209977357312,0.601216733455658,0.684914231300354,0.601216733455658,0.684914231300354,True,150.0,0.36881120600000394,0.10995345099996699,39
1588573834.7558842,2473,287,1588573819.8311524,33581.78806304932,1.3237209977357312,0.5999922156333923,0.6856133937835693,0.5999922156333923,0.6856133937835693,True,150.0,0.36881120600000394,0.10995345099996699,39
1588573834.822905,2474,287,1588573819.8311524,33581.78806304932,1.3237209977357312,0.5983657240867615,0.682234525680542,0.5983657240867615,0.682234525680542,True,150.0,0.36881120600000394,0.10995345099996699,39
1588573834.990457,2475,287,1588573819.8311524,33581.78806304932,1.3237209977357312,0.5989168286323547,0.6833028197288513,0.5989168286323547,0.6833028197288513,True,150.0,0.36881120600000394,0.10995345099996699,39
1588573835.124499,2476,287,1588573819.8311524,33581.78806304932,1.3237209977357312,0.6014055013656616,0.6848811507225037,0.6014055013656616,0.6848811507225037,True,150.0,0.36881120600000394,0.10995345099996699,39
1588573835.2250302,2477,287,1588573819.8311524,33581.78806304932,1.3237209977357312,0.6009151339530945,0.6879225373268127,0.6009151339530945,0.6879225373268127,True,150.0,0.36881120600000394,0.10995345099996699,39
1588573835.325561,2478,287,1588573819.8311524,33581.78806304932,1.3237209977357312,0.6017279624938965,0.6884577870368958,0.6017279624938965,0.6884577870368958,True,150.0,0.36881120600000394,0.10995345099996699,39
1588573835.426092,2479,287,1588573819.8311524,33581.78806304932,1.3237209977357312,0.6012640595436096,0.6889782547950745,0.6012640595436096,0.6889782547950745,True,150.0,0.36881120600000394,0.10995345099996699,39
1588573835.493113,2480,287,1588573819.8311524,33581.78806304932,1.3237209977357312,0.6014279127120972,0.6889662146568298,0.6014279127120972,0.6889662146568298,True,150.0,0.36881120600000394,0.10995345099996699,39
1588573835.593644,2481,287,1588573819.8311524,33581.78806304932,1.3237209977357312,0.6004713773727417,0.6902017593383789,0.6004713773727417,0.6902017593383789,True,150.0,0.36881120600000394,0.10995345099996699,39
1588573835.7276864,2482,287,1588573819.8311524,33581.78806304932,1.3237209977357312,0.6003785729408264,0.6909924745559692,0.6003785729408264,0.6909924745559692,True,150.0,0.36881120600000394,0.10995345099996699,39
1588573835.8617284,2483,287,1588573819.8311524,33581.78806304932,1.3237209977357312,0.6008496284484863,0.6921899914741516,0.6008496284484863,0.6921899914741516,True,150.0,0.36881120600000394,0.10995345099996699,39
1588573835.962259,2484,287,1588573819.8311524,33581.78806304932,1.3237209977357312,0.6004758477210999,0.692541241645813,0.6004758477210999,0.692541241645813,True,150.0,0.36881120600000394,0.10995345099996699,39
1588573836.0627902,2485,287,1588573819.8311524,33581.78806304932,1.3237209977357312,0.5998322367668152,0.6928887367248535,0.5998322367668152,0.6928887367248535,True,150.0,0.36881120600000394,0.10995345099996699,39
1588573836.1633213,2486,287,1588573819.8311524,33581.78806304932,1.3237209977357312,0.5994082689285278,0.6934821605682373,0.5994082689285278,0.6934821605682373,True,150.0,0.36881120600000394,0.10995345099996699,39
1588573836.263852,2487,287,1588573819.8311524,33581.78806304932,1.3237209977357312,0.6000928282737732,0.694064199924469,0.6000928282737732,0.694064199924469,True,150.0,0.36881120600000394,0.10995345099996699,39
1588573836.297363,2488,287,1588573819.8311524,33581.78806304932,1.3237209977357312,0.6000131368637085,0.6948186755180359,0.6000131368637085,0.6948186755180359,True,150.0,0.36881120600000394,0.10995345099996699,39
1588573836.397894,2489,287,1588573819.8311524,33581.78806304932,1.3237209977357312,0.6005512475967407,0.6944525837898254,0.6005512475967407,0.6944525837898254,True,150.0,0.36881120600000394,0.10995345099996699,39
1588573836.4984252,2490,287,1588573819.8311524,33581.78806304932,1.3237209977357312,0.5999008417129517,0.6964631676673889,0.5999008417129517,0.6964631676673889,True,150.0,0.36881120600000394,0.10995345099996699,39
1588573836.5654461,2491,287,1588573819.8311524,33581.78806304932,1.3237209977357312,0.6002381443977356,0.6964465975761414,0.6002381443977356,0.6964465975761414,True,150.0,0.36881120600000394,0.10995345099996699,39
1588573836.6324673,2492,287,1588573819.8311524,33581.78806304932,1.3237209977357312,0.5997645854949951,0.6972670555114746,0.5997645854949951,0.6972670555114746,True,150.0,0.36881120600000394,0.10995345099996699,39
1588573836.7329981,2493,287,1588573819.8311524,33581.78806304932,1.3237209977357312,0.6003804206848145,0.6969032287597656,0.6003804206848145,0.6969032287597656,True,150.0,0.36881120600000394,0.10995345099996699,39
1588573836.8000193,2494,287,1588573819.8311524,33581.78806304932,1.3237209977357312,0.5999787449836731,0.6980350613594055,0.5999787449836731,0.6980350613594055,True,150.0,0.36881120600000394,0.10995345099996699,39
1588573836.90055,2495,287,1588573819.8311524,33581.78806304932,1.3237209977357312,0.5997598171234131,0.6980916857719421,0.5997598171234131,0.6980916857719421,True,150.0,0.36881120600000394,0.10995345099996699,39
1588573837.0345922,2496,287,1588573819.8311524,33581.78806304932,1.3237209977357312,0.5995281338691711,0.6987457275390625,0.5995281338691711,0.6987457275390625,True,150.0,0.36881120600000394,0.10995345099996699,39
1588573837.068102,2497,287,1588573819.8311524,33581.78806304932,1.3237209977357312,0.5995880365371704,0.6984219551086426,0.5995880365371704,0.6984219551086426,True,150.0,0.36881120600000394,0.10995345099996699,39
1588573837.269164,2498,287,1588573819.8311524,33581.78806304932,1.3237209977357312,0.6007442474365234,0.6915886402130127,0.6007442474365234,0.6915886402130127,True,150.0,0.36881120600000394,0.10995345099996699,39
1588573838.207456,2505,287,1588573819.8311524,33581.78806304932,1.3237209977357312,0.600241482257843,0.6903489828109741,0.600241482257843,0.6903489828109741,True,30.0,0.44356655399991496,0.105002385000006,40
1588573838.375008,2506,287,1588573819.8311524,33581.78806304932,1.3237209977357312,0.6013533473014832,0.691146969795227,0.6013533473014832,0.691146969795227,True,30.0,0.44356655399991496,0.105002385000006,40
1588573838.60958,2507,287,1588573819.8311524,33581.78806304932,1.3237209977357312,0.6022641062736511,0.6924612522125244,0.6022641062736511,0.6924612522125244,True,30.0,0.44356655399991496,0.105002385000006,40
1588573838.8441534,2508,287,1588573819.8311524,33581.78806304932,1.3237209977357312,0.601325273513794,0.6920977830886841,0.601325273513794,0.6920977830886841,True,30.0,0.44356655399991496,0.105002385000006,40
1588573839.045216,2509,287,1588573819.8311524,33581.78806304932,1.3237209977357312,0.5992016792297363,0.6912280321121216,0.5992016792297363,0.6912280321121216,True,30.0,0.44356655399991496,0.105002385000006,40
1588573839.882976,2510,287,1588573819.8311524,33581.78806304932,1.3237209977357312,0.6019130349159241,0.6957190036773682,0.6019130349159241,0.6957190036773682,True,30.0,0.44356655399991496,0.105002385000006,40
1588573840.0840385,2511,287,1588573819.8311524,33581.78806304932,1.3237209977357312,0.6018810868263245,0.6963241696357727,0.6018810868263245,0.6963241696357727,True,30.0,0.44356655399991496,0.105002385000006,40
1588573840.1510592,2512,287,1588573819.8311524,33581.78806304932,1.3237209977357312,0.602354884147644,0.6969634294509888,0.602354884147644,0.6969634294509888,True,30.0,0.44356655399991496,0.105002385000006,40
1588573840.385632,2513,287,1588573819.8311524,33581.78806304932,1.3237209977357312,0.6019631624221802,0.6975834369659424,0.6019631624221802,0.6975834369659424,True,30.0,0.44356655399991496,0.105002385000006,40
1588573840.4191422,2514,287,1588573819.8311524,33581.78806304932,1.3237209977357312,0.6020075082778931,0.6978831291198729,0.6020075082778931,0.6978831291198729,True,30.0,0.44356655399991496,0.105002385000006,40
1588573840.5531845,2515,287,1588573819.8311524,33581.78806304932,1.3237209977357312,0.6021398901939392,0.6974843740463257,0.6021398901939392,0.6974843740463257,True,30.0,0.44356655399991496,0.105002385000006,40
1588573840.6537151,2516,287,1588573819.8311524,33581.78806304932,1.3237209977357312,0.6020638942718506,0.6966089010238647,0.6020638942718506,0.6966089010238647,True,30.0,0.44356655399991496,0.105002385000006,40
1588573840.8212671,2517,287,1588573819.8311524,33581.78806304932,1.3237209977357312,0.6016123294830322,0.6972069144248962,0.6016123294830322,0.6972069144248962,True,30.0,0.44356655399991496,0.105002385000006,40
1588573840.9217982,2518,287,1588573819.8311524,33581.78806304932,1.3237209977357312,0.6017881631851196,0.6983112096786499,0.6017881631851196,0.6983112096786499,True,30.0,0.44356655399991496,0.105002385000006,40
1588573840.9888194,2519,287,1588573819.8311524,33581.78806304932,1.3237209977357312,0.6019247174263,0.6977617144584656,0.6019247174263,0.6977617144584656,True,30.0,0.44356655399991496,0.105002385000006,40
1588573841.0893502,2520,287,1588573819.8311524,33581.78806304932,1.3237209977357312,0.6014612317085266,0.6958392262458801,0.6014612317085266,0.6958392262458801,True,30.0,0.44356655399991496,0.105002385000006,40
1588573841.156371,2521,287,1588573819.8311524,33581.78806304932,1.3237209977357312,0.6012496948242188,0.6949350237846375,0.6012496948242188,0.6949350237846375,True,30.0,0.44356655399991496,0.105002385000006,40
1588573841.357433,2522,287,1588573819.8311524,33581.78806304932,1.3237209977357312,0.6033769845962524,0.6870672106742859,0.6033769845962524,0.6870672106742859,True,30.0,0.44356655399991496,0.105002385000006,40
1588573842.5973182,2533,287,1588573819.8311524,33581.78806304932,1.3237209977357312,0.6007751226425171,0.6882096529006958,0.6007751226425171,0.6882096529006958,True,0.0,0.533371544999994,0.0978874310000037,41
1588573842.7648704,2534,287,1588573819.8311524,33581.78806304932,1.3237209977357312,0.6013723611831665,0.6910978555679321,0.6013723611831665,0.6910978555679321,True,0.0,0.533371544999994,0.0978874310000037,41
1588573842.831891,2535,287,1588573819.8311524,33581.78806304932,1.3237209977357312,0.6020757555961609,0.6904177069664001,0.6020757555961609,0.6904177069664001,True,0.0,0.533371544999994,0.0978874310000037,41
1588573843.0329533,2536,287,1588573819.8311524,33581.78806304932,1.3237209977357312,0.6029314398765564,0.6887727975845337,0.6029314398765564,0.6887727975845337,True,0.0,0.533371544999994,0.0978874310000037,41
1588573843.1669948,2537,287,1588573819.8311524,33581.78806304932,1.3237209977357312,0.6032039523124695,0.6886425018310547,0.6032039523124695,0.6886425018310547,True,0.0,0.533371544999994,0.0978874310000037,41
1588573843.5356092,2538,287,1588573819.8311524,33581.78806304932,1.3237209977357312,0.6019625067710876,0.6892388463020325,0.6019625067710876,0.6892388463020325,True,0.0,0.533371544999994,0.0978874310000037,41
1588573843.63614,2539,287,1588573819.8311524,33581.78806304932,1.3237209977357312,0.6018144488334656,0.6901858448982239,0.6018144488334656,0.6901858448982239,True,0.0,0.533371544999994,0.0978874310000037,41
1588573843.7031612,2540,287,1588573819.8311524,33581.78806304932,1.3237209977357312,0.6022253036499023,0.6924660205841064,0.6022253036499023,0.6924660205841064,True,0.0,0.533371544999994,0.0978874310000037,41
1588573843.8372033,2541,287,1588573819.8311524,33581.78806304932,1.3237209977357312,0.6035625338554382,0.6938685774803162,0.6035625338554382,0.6938685774803162,True,0.0,0.533371544999994,0.0978874310000037,41
1588573843.937734,2542,287,1588573819.8311524,33581.78806304932,1.3237209977357312,0.603652834892273,0.6947768330574036,0.603652834892273,0.6947768330574036,True,0.0,0.533371544999994,0.0978874310000037,41
1588573843.9712439,2543,287,1588573819.8311524,33581.78806304932,1.3237209977357312,0.6034867763519287,0.6945592164993286,0.6034867763519287,0.6945592164993286,True,0.0,0.533371544999994,0.0978874310000037,41
1588573844.138796,2544,287,1588573819.8311524,33581.78806304932,1.3237209977357312,0.6028971076011658,0.6950928568840027,0.6028971076011658,0.6950928568840027,True,0.0,0.533371544999994,0.0978874310000037,41
1588573844.306348,2545,287,1588573819.8311524,33581.78806304932,1.3237209977357312,0.6029905676841736,0.6959623694419861,0.6029905676841736,0.6959623694419861,True,0.0,0.533371544999994,0.0978874310000037,41
1588573844.44039,2546,287,1588573819.8311524,33581.78806304932,1.3237209977357312,0.6034596562385559,0.6972678899765015,0.6034596562385559,0.6972678899765015,True,0.0,0.533371544999994,0.0978874310000037,41
1588573844.5074112,2547,287,1588573819.8311524,33581.78806304932,1.3237209977357312,0.6035464406013489,0.6964694261550903,0.6035464406013489,0.6964694261550903,True,0.0,0.533371544999994,0.0978874310000037,41
1588573844.5744321,2548,287,1588573819.8311524,33581.78806304932,1.3237209977357312,0.6033042073249817,0.6971808075904846,0.6033042073249817,0.6971808075904846,True,0.0,0.533371544999994,0.0978874310000037,41
1588573844.6414518,2549,287,1588573819.8311524,33581.78806304932,1.3237209977357312,0.6026154160499573,0.6977661848068237,0.6026154160499573,0.6977661848068237,True,0.0,0.533371544999994,0.0978874310000037,41
1588573844.8425152,2550,287,1588573819.8311524,33581.78806304932,1.3237209977357312,0.6013321280479431,0.6970869302749634,0.6013321280479431,0.6970869302749634,True,0.0,0.533371544999994,0.0978874310000037,41
1588573844.976556,2551,287,1588573819.8311524,33581.78806304932,1.3237209977357312,0.6010540723800659,0.6945460438728333,0.6010540723800659,0.6945460438728333,True,0.0,0.533371544999994,0.0978874310000037,41
1588573845.110598,2552,287,1588573819.8311524,33581.78806304932,1.3237209977357312,0.5992790460586548,0.6902189254760742,0.5992790460586548,0.6902189254760742,True,0.0,0.533371544999994,0.0978874310000037,41
1588573845.2111292,2553,287,1588573819.8311524,33581.78806304932,1.3237209977357312,0.5979594588279724,0.6878900527954102,0.5979594588279724,0.6878900527954102,True,0.0,0.533371544999994,0.0978874310000037,41
1588573845.31166,2554,287,1588573819.8311524,33581.78806304932,1.3237209977357312,0.5978039503097534,0.6875203251838684,0.5978039503097534,0.6875203251838684,True,0.0,0.533371544999994,0.0978874310000037,41
1588573845.3786812,2555,287,1588573819.8311524,33581.78806304932,1.3237209977357312,0.5972613096237183,0.6860436201095581,0.5972613096237183,0.6860436201095581,True,0.0,0.533371544999994,0.0978874310000037,41
1588573845.4457018,2556,287,1588573819.8311524,33581.78806304932,1.3237209977357312,0.5973691344261169,0.6857577562332153,0.5973691344261169,0.6857577562332153,True,0.0,0.533371544999994,0.0978874310000037,41
1588573845.646764,2557,287,1588573819.8311524,33581.78806304932,1.3237209977357312,0.5977743268013,0.6837949156761169,0.5977743268013,0.6837949156761169,True,0.0,0.533371544999994,0.0978874310000037,41
1588573845.914848,2558,287,1588573819.8311524,33581.78806304932,1.3237209977357312,0.597557783126831,0.6880179643630981,0.597557783126831,0.6880179643630981,True,0.0,0.533371544999994,0.0978874310000037,41
1588573847.5903685,2574,287,1588573819.8311524,33581.78806304932,1.3237209977357312,0.6002873182296753,0.7055168747901917,0.6002873182296753,0.7055168747901917,True,300.0,0.533291449000046,0.106571409999987,42
1588573847.6908991,2575,287,1588573819.8311524,33581.78806304932,1.3237209977357312,0.600888729095459,0.7072216868400574,0.600888729095459,0.7072216868400574,True,300.0,0.533291449000046,0.106571409999987,42
1588573847.7914302,2576,287,1588573819.8311524,33581.78806304932,1.3237209977357312,0.6007862687110901,0.7078354358673096,0.6007862687110901,0.7078354358673096,True,300.0,0.533291449000046,0.106571409999987,42
1588573847.9589822,2577,287,1588573819.8311524,33581.78806304932,1.3237209977357312,0.6004622578620911,0.7073497176170349,0.6004622578620911,0.7073497176170349,True,300.0,0.533291449000046,0.106571409999987,42
1588573848.0260034,2578,287,1588573819.8311524,33581.78806304932,1.3237209977357312,0.5996159911155701,0.706969141960144,0.5996159911155701,0.706969141960144,True,300.0,0.533291449000046,0.106571409999987,42
1588573848.0930245,2579,287,1588573819.8311524,33581.78806304932,1.3237209977357312,0.599422812461853,0.704947829246521,0.599422812461853,0.704947829246521,True,300.0,0.533291449000046,0.106571409999987,42
1588573848.3275962,2580,287,1588573819.8311524,33581.78806304932,1.3237209977357312,0.5994122624397278,0.6982362866401672,0.5994122624397278,0.6982362866401672,True,300.0,0.533291449000046,0.106571409999987,42
1588573848.7967422,2581,287,1588573819.8311524,33581.78806304932,1.3237209977357312,0.5963013172149658,0.6959530711174011,0.5963013172149658,0.6959530711174011,True,300.0,0.533291449000046,0.106571409999987,42
1588573849.7685444,2582,287,1588573819.8311524,33581.78806304932,1.3237209977357312,0.5945901870727539,0.7017582654953003,0.5945901870727539,0.7017582654953003,True,300.0,0.533291449000046,0.106571409999987,42
1588573850.2041788,2583,287,1588573819.8311524,33581.78806304932,1.3237209977357312,0.5950970649719238,0.7050126194953918,0.5950970649719238,0.7050126194953918,True,300.0,0.533291449000046,0.106571409999987,42
1588573850.8073661,2584,287,1588573819.8311524,33581.78806304932,1.3237209977357312,0.5970296263694763,0.7084221243858337,0.5970296263694763,0.7084221243858337,True,300.0,0.533291449000046,0.106571409999987,42
1588573851.779168,2586,287,1588573819.8311524,33581.78806304932,1.3237209977357312,0.599191427230835,0.7097604274749756,0.599191427230835,0.7097604274749756,True,60.0,0.46912891700003495,0.126448028999988,43
1588573852.4493759,2587,287,1588573819.8311524,33581.78806304932,1.3237209977357312,0.597046971321106,0.6966953873634338,0.597046971321106,0.6966953873634338,True,60.0,0.46912891700003495,0.126448028999988,43
1588573853.0190525,2588,287,1588573819.8311524,33581.78806304932,1.3237209977357312,0.5983729362487793,0.7006303668022156,0.5983729362487793,0.7006303668022156,True,60.0,0.46912891700003495,0.126448028999988,43
1588573853.1866045,2589,287,1588573819.8311524,33581.78806304932,1.3237209977357312,0.5988123416900635,0.7026968002319336,0.5988123416900635,0.7026968002319336,True,60.0,0.46912891700003495,0.126448028999988,43
1588573853.2871358,2590,287,1588573819.8311524,33581.78806304932,1.3237209977357312,0.5996999144554138,0.7037876844406128,0.5996999144554138,0.7037876844406128,True,60.0,0.46912891700003495,0.126448028999988,43
1588573853.3876672,2591,287,1588573819.8311524,33581.78806304932,1.3237209977357312,0.6000386476516724,0.7046412229537964,0.6000386476516724,0.7046412229537964,True,60.0,0.46912891700003495,0.126448028999988,43
