"","SN","TN","CN","tgtsize","hand_theta","hand_theta_maxv","hand_theta_maxradv","handMaxRadExt","hand_theta_50","raw_ep_hand_ang","ti","fbi","ri","MT","RT","ST","radvelmax","maxRadDist","testMaxRadDist","hand","avg_hand"
"1",1,1,1,8.30174059827877,6.56593859340855,11.0174479390189,6.56593859340855,6.0300633643525,57.7028842180533,96.5659385934085,90,0,0,0.0761421090000027,0.517190970000001,44.452455308,3204.18353520187,111.305739105084,111.305739105084,3.01910201659072,0.484254540708358
"2",1,2,1,8.30174059827877,3.85524496471326,1.40265320252618,3.85524496471326,3.37650537171116,-32.4905635153402,3.85524496471326,0,0,0,0.116774622999998,0.495172771999989,1.10587963000003,3249.620722584,114.414568960043,114.414568960043,-0.328529850377751,NA
"3",1,3,1,8.30174059827877,-0.303902591119083,-4.57968465583807,-0.303902591119083,-1.21321103231392,10.3144065494242,149.696097408881,150,0,0,0.104992786000004,0.402724217000006,1.02661603000001,3154.18193636069,128.143177690357,128.143177690357,2.68601467375589,NA
"4",1,4,1,8.30174059827877,-10.8862827115134,-10.8862827115134,-10.8862827115134,-11.554839812332,23.3729072088487,-130.886282711513,240,0,0,0.108411988999997,0.480193834999994,2.16486783600002,4380.2828541007,123.944553393623,123.944553393623,3.1422970884782,NA
"5",1,5,1,8.30174059827877,11.2861887482343,11.2861887482343,11.2861887482343,10.0352283541205,41.1625942410149,-18.7138112517657,330,0,0,0.083949153000006,0.478032513000002,1.76941092700002,8272.18540407454,126.694230421169,126.694230421169,2.69787936981312,NA
"6",1,6,1,8.30174059827877,-8.45593324779048,-8.45593324779048,-8.45593324779048,-4.65297347294666,125.143450878973,-98.4559332477905,270,0,0,0.0673263509999913,0.423290196999986,1.77578597399997,7465.42786762197,111.053169786377,111.053169786377,-1.96519450657998,NA
"7",1,7,1,8.30174059827877,-11.6892525477948,-10.2019302684685,-11.6892525477948,-9.76636982529675,-9.52076064787857,168.310747452205,180,0,0,0.0961139290000119,0.449475037999974,1.34205706799999,4791.77446474108,130.904873024254,130.904873024254,-3.74895530883635,NA
"8",1,8,1,8.30174059827877,-6.02205066378842,2.69614560381153,-6.02205066378842,2.14683415719608,-2.73877983757516,23.9779493362116,30,0,0,0.0720795900000155,0.479799809000028,1.53489327400001,6287.63165925472,126.333423216469,126.333423216469,-3.83447110131092,NA
"9",1,9,1,8.30174059827877,-7.48666184659157,1.36235470755626,-7.48666184659157,-3.64624650795705,86.2471027406988,52.5133381534084,60,0,0,0.0936759390000077,0.492506109000018,1.65576576500006,4127.6361580511,100.937770610171,100.937770610171,6.44559084753032,NA
"10",1,10,1,8.30174059827877,-4.08200348748278,-5.82384604681567,-4.08200348748278,-2.46940414183246,-46.624646985919,-154.082003487483,210,0,0,0.0621590009999977,0.445822855999978,1.17209391000003,3999.79445149163,117.834190175569,117.834190175569,-0.677650108372046,NA
"11",1,11,1,8.30174059827877,-0.249168443261581,-0.249168443261581,-0.249168443261581,-1.25309316252691,1.10197159454488,119.750831556738,120,0,0,0.0631227380000041,0.492310765000013,1.47484336400001,4322.57791153605,112.571319227351,112.571319227351,-3.47604789057385,NA
"12",1,12,1,8.30174059827877,15.7300249816599,5.38870997719317,15.7300249816599,14.8537376087852,1.18548101423829,-44.2699750183401,300,0,0,0.0908216220000213,0.479568772999968,1.81393917499993,2290.29293096914,110.03750112672,110.03750112672,1.85101925838293,NA
"13",1,13,2,8.30174059827877,4.00983922931283,3.48054674526571,4.00983922931283,4.83325726617295,40.4422069419238,-25.9901607706872,330,0,0,0.0845105730000171,0.475576047000004,4.94373325300005,5106.24907050059,99.1394248845147,99.1394248845147,-4.57847014910835,-0.484122423242147
"14",1,14,2,8.30174059827877,-7.00129747698409,-7.06358582946248,-7.00129747698409,-7.23050063807711,-7.54500298512838,142.998702523016,150,0,0,0.0698660700000033,0.409059071999991,1.07209040300005,3904.92819812502,98.0880887908796,98.0880887908796,-4.01138021210912,NA
"15",1,15,2,8.30174059827877,-9.65359656589919,-8.31078888475645,-9.65359656589919,-8.50688978478047,155.371030291566,-99.6535965658992,270,0,0,0.114751067000014,0.433361312000017,1.89444715800005,2262.91486186217,96.0068773868007,96.0068773868007,-3.16285782468869,NA
"16",1,16,2,8.30174059827877,4.60937238865066,6.03920544367419,4.60937238865066,4.47496984659141,41.8000963659916,94.6093723886507,90,0,0,0.119232175999997,0.416600142000021,1.15554842,553.866666248808,95.1715656159441,95.1715656159441,1.06253581183283,NA
"17",1,17,2,8.30174059827877,5.14424144219323,7.41415540170072,5.14424144219323,5.58429827619221,104.559271927239,125.144241442193,120,0,0,0.116276567,0.46337885500003,1.55241735700001,2317.91757050765,97.9872582338817,97.9872582338817,1.91736199488096,NA
"18",1,18,2,8.30174059827877,14.3452351356602,9.65186656283493,14.3452351356602,12.1425786459074,67.0259242717772,-45.6547648643398,300,0,0,0.086264534999998,0.44331525299998,1.20722500800004,4751.30990853883,101.365107694715,101.365107694715,0.466229412383234,NA
"19",1,19,2,8.30174059827877,-17.9063175271742,-9.43316608081109,-17.9063175271742,-15.0246657577331,32.6320133274913,42.0936824728258,60,0,0,0.0736799869999913,0.488836778000035,1.50731959000018,7413.51734321215,126.060630263925,126.060630263925,-3.97406483305231,NA
"20",1,20,2,8.30174059827877,-14.7227894132893,-15.6964884649581,-14.7227894132893,-11.6972471557818,-113.425102635852,-134.722789413289,240,0,0,0.0695658060000142,0.464358452999988,1.08112162900008,8411.06290715179,128.891074341126,128.891074341126,-0.6942096132977,NA
"21",1,21,2,8.30174059827877,-1.30227753701106,-1.30227753701106,-1.30227753701106,-1.13303042246207,52.1745712465946,-1.30227753701106,0,0,0,0.0975697679999996,0.425363766000089,1.59764438800005,4178.59640479875,107.528024272085,107.528024272085,-5.48605235210207,NA
"22",1,22,2,8.30174059827877,3.91323164449688,3.91323164449688,3.91323164449688,-2.28049819850992,-11.6088305588205,-146.086768355503,210,0,0,0.0499455069999897,0.38871788499992,1.2833623030001,8965.93891253374,140.759808561598,140.759808561598,7.31758502360761,NA
"23",1,23,2,8.30174059827877,-7.39396815631406,-8.48950613407848,-7.39396815631406,-8.03476864420753,16.5293114725661,172.606031843686,180,0,0,0.0629983440000217,0.512567717000053,1.68029328899999,2455.64425629372,104.921714680103,104.921714680103,0.546329082644394,NA
"24",1,24,2,8.30174059827877,2.59994501762594,2.59994501762594,2.59994501762594,0.705026792617623,3.37679708924799,32.5999450176259,30,0,0,0.0612624389999894,0.466299872999969,1.46183300999994,9154.24619116366,129.892092307285,129.892092307285,4.78752458010344,NA
"25",1,25,3,8.30174059827877,10.4689001577164,10.4689001577164,10.4689001577164,13.0325557019149,11.1627493617338,-19.5310998422836,330,0,0,0.101003391999996,0.451466060000001,1.80148079199992,6121.35602601046,112.318870550825,112.318870550825,1.88059077929522,-0.000132117466210983
"26",1,26,3,8.30174059827877,-1.66455172652175,-1.66455172652175,-1.66455172652175,-3.58842619002812,30.7147738616147,148.335448273478,150,0,0,0.0703634309999757,0.382418270999949,1.29113524500013,3821.36126437269,91.3449319544644,91.3449319544644,1.32536553835322,NA
"27",1,27,3,8.30174059827877,-16.4037787085999,-16.4037787085999,-16.4037787085999,-16.8308104164238,-22.1346550340462,43.5962212914001,60,0,0,0.0723124109999844,0.404945081999955,2.42481579399984,8012.65814515177,161.790636888772,161.790636888772,-2.47152601447801,NA
"28",1,28,3,8.30174059827877,-0.534801251605728,-0.534801251605728,-0.534801251605728,-2.2308335948499,45.056914868853,89.4651987483943,90,0,0,0.0592924409999966,0.441505234000005,1.56317998599988,8493.44683007763,110.773828643661,110.773828643661,-4.08163782842356,NA
"29",1,29,3,8.30174059827877,-3.14063304127002,-3.14063304127002,-3.14063304127002,-3.00669784777168,59.3927173464811,26.85936695873,30,0,0,0.0938417220000076,0.460818191999977,1.84468507300008,3497.59134588007,119.879201853505,119.879201853505,-0.95305347879252,NA
"30",1,30,3,8.30174059827877,4.78556534300517,3.4920601206676,4.78556534300517,3.79203165075241,-5.76811309685553,124.785565343005,120,0,0,0.103580904000012,0.345631751999974,1.27191903700012,2289.68766823789,117.420657208749,117.420657208749,1.5586858956929,NA
"31",1,31,3,8.30174059827877,9.99835701757083,16.7790157874159,9.99835701757083,9.96718341144863,67.0736070457963,9.99835701757083,0,0,0,0.118996952000003,0.461156487999972,2.03735245100012,2449.22100706222,99.7712105116616,99.7712105116616,5.81458220247982,NA
"32",1,32,3,8.30174059827877,-10.0442882943463,-9.64331651268424,-10.0442882943463,-6.54719283742406,-15.3778582129058,-160.044288294346,210,0,0,0.0597827630000154,0.488847507000003,1.68882058999998,8758.21733365605,132.598479739205,132.598479739205,-6.63993491523557,NA
"33",1,33,3,8.30174059827877,-4.7376710127665,-4.7376710127665,-4.7376710127665,0.40302637967585,11.1130763574973,175.262328987234,180,0,0,0.0555713249999883,0.461267456999991,1.36687623500003,5567.92096205245,106.572988619227,106.572988619227,3.20262622619195,NA
"34",1,34,3,8.30174059827877,11.5617570525108,11.5617570525108,11.5617570525108,12.2597968591908,-29.0342365709292,-48.4382429474892,300,0,0,0.107102966000014,0.434014235000006,1.44259286599998,6117.62054671908,94.4660215692926,94.4660215692926,-2.31724867076617,NA
"35",1,35,3,8.30174059827877,-16.4766672751721,-15.7969316065643,-16.4766672751721,-15.3268764915528,-9.93873749934875,-136.476667275172,240,0,0,0.0621315849999746,0.469830774999963,1.19672502899985,6316.45798048092,135.050057560334,135.050057560334,-2.4480874751805,NA
"36",1,36,3,8.30174059827877,-1.36268640994183,-1.36268640994183,-1.36268640994183,NA,NA,-91.3626864099418,270,0,0,0.104707491000028,0.436394915999898,1.42963128000002,2301.55099347494,NA,110.689178346061,5.12805233126867,NA
"37",1,37,4,8.30174059827877,-6.90345738479678,-8.22111711500975,-6.90345738479678,-7.1752784759731,-86.1135211657574,173.096542615203,180,0,75,0.0893891659999966,0.475213043000011,42.002425789,4915.6284192264,109.203188263716,109.203188263716,1.03683985416167,-68.5784728694565
"38",1,38,4,8.30174059827877,-63.4678791743324,-62.6075164867839,-172.231983905318,NA,-5.04879896493436,-33.4678791743324,30,0,75,0.120771171000001,0.458098766999989,1.113896364,3818.2850467177,NA,78.3590220039167,-61.2802996118549,NA
"39",1,39,4,8.30174059827877,-78.9527318519605,-71.0583806904763,-78.9527318519605,-77.0848852369461,-72.9373029147397,131.04726814804,210,0,75,0.0835911879999998,0.595422383000013,1.48063730699998,3724.62755463362,97.5816667973985,97.5816667973985,-75.5483784728498,NA
"40",1,40,4,8.30174059827877,-89.2105100888752,-89.2105100888752,-89.2105100888752,-89.5957806376675,-177.920432251926,30.7894899111248,120,0,75,0.0761345179999964,0.459048564999968,1.01937237200001,6452.21459848444,97.4691620537228,97.4691620537228,-92.4373895361875,NA
"41",1,41,4,8.30174059827877,-87.8658010181539,-125.923394277438,-87.8658010181539,NA,-61.4419009352765,-117.865801018154,330,0,75,0.157107375999999,0.528156531000015,1.24681820899997,521.781064404541,NA,78.4743428960585,-96.4541103965751,NA
"42",1,42,4,8.30174059827877,-76.3416037045868,-76.3416037045868,-76.3416037045868,-73.2963046521897,-142.063299327228,-166.341603704587,270,0,75,0.0843030300000009,0.557910163999956,1.277767164,3826.32088711228,105.287233549955,105.287233549955,-69.8508649633763,NA
"43",1,43,4,8.30174059827877,-86.5146213925088,-102.539740277209,-102.539740277209,-86.096111890515,-157.848454021224,63.4853786074912,150,0,75,0.115036536999995,0.572567152000019,1.20955286399999,6158.3105973315,88.3029051779719,88.3029051779719,-83.5247041276338,NA
"44",1,44,4,8.30174059827877,-72.6678501329038,-75.1569166358852,-72.6678501329038,NA,168.449391569599,167.332149867096,240,0,75,0.116741993999995,0.592003453000018,1.184123262,759.878890238389,NA,76.6571094647099,-58.6392703329122,NA
"45",1,45,4,8.30174059827877,-69.2936830951042,-69.2936830951042,-69.2936830951042,NA,56.5543818085029,20.7063169048958,90,0,75,0.121121074999991,0.439309952000016,1.97880216200002,2196.16988680922,NA,102.224523166608,-72.840519671922,NA
"46",1,46,4,8.30174059827877,-74.082408529932,-91.0133059464529,-74.082408529932,-74.7078111174559,-135.726332725199,-134.082408529932,300,0,75,0.124978275000004,0.521907468000009,1.09154502400003,2906.93874967702,105.892678731583,105.892678731583,-87.961414253209,NA
"47",1,47,4,8.30174059827877,-74.7344558581716,-73.8364710764256,-74.7344558581716,-74.1508590142276,-12.1038472794475,-74.7344558581716,0,0,75,0.117859253999995,0.551761713999966,1.06085456000001,1206.04179051087,84.1850375016277,84.1850375016277,-78.9182306732626,NA
"48",1,48,4,8.30174059827877,-60.455584941978,-63.2195028334394,-60.455584941978,NA,-56.2308765029909,-0.45558494197796,60,0,75,0.147671090000017,0.522996094999982,1.55877510700002,2216.05608420157,NA,76.7591909939496,-46.5233322478561,NA
"49",1,49,5,8.30174059827877,-76.8842959467984,-76.8842959467984,-76.8842959467984,-76.3198666163984,98.1537310524187,-136.884295946798,300,0,75,0.0922866629999959,0.499035205999988,0.989643620999985,5116.10919178206,114.815372463837,114.815372463837,-90.7633016700754,-76.2522822461654
"50",1,50,5,8.30174059827877,-67.9575476255202,-62.8837492852502,-67.9575476255202,-64.8297603872837,-11.33557712858,-67.9575476255202,0,0,75,0.0764522200000073,0.544670389000018,1.04014913700001,4223.65576983848,89.4977881355613,89.4977881355613,-72.1413224406112,NA
"51",1,51,5,8.30174059827877,-100.880732704643,-82.9221626410983,-100.880732704643,NA,113.837329071959,139.119267295357,240,0,75,0.0975314540000056,0.652281346999985,1.47611499499995,4642.68292879496,NA,84.1792490950072,-86.8521529046514,NA
"52",1,52,5,8.30174059827877,-71.8779968385676,-70.8264884979222,-71.8779968385676,-71.9730900805786,-91.8549083351671,-101.877996838568,330,0,75,0.0353082160000042,0.499071941000011,1.28850614299996,4984.44594383721,113.148706287416,113.148706287416,-80.4663062169888,NA
"53",1,53,5,8.30174059827877,-57.905340300531,-36.0644088219968,-57.905340300531,-52.8359888431733,-21.2951602173995,122.094659699469,180,0,75,0.0777413280000019,0.612885173999985,1.02118921799996,1744.37813190302,92.6973974806562,92.6973974806562,-49.9650430615726,NA
"54",1,54,5,8.30174059827877,-74.9666749903801,-69.5110194856006,-74.9666749903801,NA,85.4454064965488,135.03332500962,210,0,75,0.107396749000003,0.544121297000046,1.56088205000003,308.226840592928,NA,79.733126753291,-71.5623216112694,NA
"55",1,55,5,8.30174059827877,-66.6673146328396,-66.3633501728909,-66.6673146328396,-66.2321717809152,-125.824839930749,23.3326853671604,90,0,75,0.106115911999993,0.596442079999989,1.32417866799997,3111.8925505478,92.0202394358336,92.0202394358336,-70.2141512096574,NA
"56",1,56,5,8.30174059827877,-76.7282965218909,-78.3073358806624,-76.7282965218909,-75.4419181166635,-124.764793120024,-166.728296521891,270,0,75,0.0886355199999826,0.603817370999991,1.78510590200003,3048.45250628121,105.398664182613,105.398664182613,-70.2375577806804,NA
"57",1,57,5,8.30174059827877,-107.238797607473,-96.4171272449212,-107.238797607473,-101.768449631998,10.388531763559,42.7612023925271,150,0,75,0.121287515000006,0.544974979999949,1.24042260599998,1783.10630096953,86.4468502318261,86.4468502318261,-104.248880342598,NA
"58",1,58,5,8.30174059827877,-79.7786547762036,-67.1848547817083,-79.7786547762036,NA,71.8046217589593,40.2213452237964,120,0,75,0.104846430000009,0.556466820999958,0.97426135799995,999.90945305403,NA,79.5704262598505,-83.0055342235159,NA
"59",1,59,5,8.30174059827877,-78.8414943109347,-90.0631022252558,-78.8414943109347,NA,-101.812471265652,-48.8414943109347,30,0,75,0.125278797000021,0.587426893999975,1.17994817899989,748.763628958123,NA,67.1711642903919,-76.6539147484572,NA
"60",1,60,5,8.30174059827877,-72.8491534380294,-77.9881341195308,-72.8491534380294,NA,-52.6352537550173,-12.8491534380294,60,0,75,0.135603760000009,0.562619887999944,1.41509659899992,1590.96210603953,NA,77.4293807929965,-58.9169007439075,NA
"61",1,61,6,8.30174059827877,-73.3969706237805,-70.5180246551593,-73.3969706237805,NA,-89.0440436703478,106.603029376219,180,0,75,0.109170841000036,0.575702133999982,1.009761306,1741.59677340224,NA,68.7917611695219,-65.4566733848221,-75.5668707162311
"62",1,62,6,8.30174059827877,-61.6890609647431,-67.0075087047757,-61.6890609647431,-62.9355186299909,-65.811966389232,-61.6890609647431,0,0,75,0.0956132469999886,0.585666925000027,0.968899296000018,1620.74565868611,87.6538053623563,87.6538053623563,-65.8728357798341,NA
"63",1,63,6,8.30174059827877,-79.1324759649126,-75.119266646041,-79.1324759649126,NA,41.3384541386424,-49.1324759649126,30,0,75,0.135948009999993,0.513403285999971,1.46608891300008,1207.53909270717,NA,65.9657650085726,-76.9448964024351,NA
"64",1,64,6,8.30174059827877,-86.9747252273019,-86.9747252273019,-86.9747252273019,-86.0305635599095,103.067690222691,-116.974725227302,330,0,75,0.0693856950000225,0.541842796000054,1.13341606700001,2031.90600676171,80.6091302900382,80.6091302900382,-95.5630346057231,NA
"65",1,65,6,8.30174059827877,-87.1951697382794,-78.8907396704319,-87.1951697382794,-80.2939276082875,174.936823420181,32.8048302617206,120,0,75,0.107155067000008,0.471114444000023,1.11384134000005,4283.22789089761,101.615193384505,101.615193384505,-90.4220491855917,NA
"66",1,66,6,8.30174059827877,-76.5381530009358,-81.5432513929915,-76.5381530009358,NA,97.2382064051935,163.461846999064,240,0,75,0.103870539000042,0.642763560000049,0.978329142999883,1907.03659911935,NA,70.2600600843646,-62.5095732009442,NA
"67",1,67,6,8.30174059827877,-80.5047290490889,-51.0217942846461,-80.5047290490889,-75.7036554331678,95.9353386386356,129.495270950911,210,0,75,0.106982273,0.582794105999881,1.03818836300013,2900.67256499127,82.1873260348862,82.1873260348862,-77.1003756699782,NA
"68",1,68,6,8.30174059827877,-78.3015584525702,-74.8397647526803,-78.3015584525702,-74.4198781469863,-114.333149534155,11.6984415474298,90,0,75,0.120217592999978,0.421858300000054,1.14515809199992,4497.87178684928,97.633314908757,97.633314908757,-81.848395029388,NA
"69",1,69,6,8.30174059827877,-73.7540874900073,-73.7540874900073,-73.7540874900073,-63.4808627849775,-11.8975926105801,-163.754087490007,270,0,75,0.0704218910000236,0.56855407599997,1.16312481399999,6233.89449027472,119.746093932878,119.746093932878,-67.2633487487968,NA
"70",1,70,6,8.30174059827877,-68.6518915248226,-69.632781054165,-40.9107985636574,-67.5302964122577,-45.1704166725884,-128.651891524823,300,0,75,0.0634260689999735,0.496289662000009,0.924257000000097,6452.09666534195,126.019064512835,126.019064512835,-82.5308972480996,NA
"71",1,71,6,8.30174059827877,-64.9831670034432,-63.9798335620558,94.3130672389257,-63.6522939665166,-26.2267645369341,-4.98316700344323,60,0,75,0.117505735999998,0.469244668000016,1.08381297599999,3809.01463944559,83.1316578023079,83.1316578023079,-51.0509143093213,NA
"72",1,72,6,8.30174059827877,-93.2293722947145,-75.8137583418813,-93.2293722947145,NA,26.989949565187,56.7706277052855,150,0,75,0.0988954460000002,0.535380122000021,0.966154716000034,1796.38702982888,NA,76.1201053424203,-90.2394550298395,NA
"73",1,73,7,8.30174059827877,-70.6707746740598,-70.6707746740598,-70.6707746740598,-60.3996109282484,-18.1771245409364,-160.67077467406,270,0,75,0.0769922549999649,0.503272050999954,0.983944695999952,7007.87827778623,121.881900754175,121.881900754175,-64.1800359328493,-70.0021515027719
"74",1,74,7,8.30174059827877,-61.4277210205298,-68.4167792631966,-61.4277210205298,-60.833351346474,-80.5833710916004,178.57227897947,240,0,75,0.100840595000022,0.562259366000092,1.28933799699982,1486.16046671416,86.3250734594366,86.3250734594366,-47.3991412205382,NA
"75",1,75,7,8.30174059827877,-80.9495366195498,-68.6440596096803,-80.9495366195498,NA,34.2704287769466,69.0504633804502,150,0,75,0.108233885999994,0.561647290000053,1.80870848600014,2532.05481704774,NA,73.1930530056685,-77.9596193546748,NA
"76",1,76,7,8.30174059827877,-58.6036767925917,-64.2478949859686,-58.6036767925917,NA,75.2870822718589,-28.6036767925917,30,0,75,0.0910086480000132,0.49017617399997,1.2281955169999,1825.22188585481,NA,67.4245615109243,-56.4160972301142,NA
"77",1,77,7,8.30174059827877,-72.3128714482709,-73.8788987424676,-144.634295016794,-72.7039804165786,177.861111217327,-72.3128714482709,0,0,75,0.106668130000003,0.475268870999997,1.78226797199991,172.66836685541,85.1614536834641,85.1614536834641,-76.4966462633619,NA
"78",1,78,7,8.30174059827877,-71.8669714985039,-75.6904154763986,-71.8669714985039,-71.9195766629909,97.9880382444215,-131.866971498504,300,0,75,0.0949976610000078,0.459041173000003,0.941588585999966,3714.01353245786,99.3387388438161,99.3387388438161,-85.7459772217809,NA
"79",1,79,7,8.30174059827877,-76.3125717530186,-76.3125717530186,-76.3125717530186,-84.2194969212652,-128.381275952009,-16.3125717530186,60,0,75,0.0835611199999846,0.510925370000052,0.946897832000019,3406.28290505081,88.8435405738255,88.8435405738255,-62.3803190588967,NA
"80",1,80,7,8.30174059827877,-71.7924893383194,-62.4419818936935,-71.7924893383194,NA,88.5583712203928,138.207510661681,210,0,75,0.0808499970000298,0.617260979000008,1.39668164299997,1240.95602209261,NA,66.7220404929453,-68.3881359592087,NA
"81",1,81,7,8.30174059827877,-59.5332432729101,-51.9532047751482,166.974898624893,NA,-7.47728483006631,120.46675672709,180,0,75,0.093117301999996,0.527044121000017,1.25327948099996,430.000628506576,NA,74.572285694279,-51.5929460339516,NA
"82",1,82,7,8.30174059827877,-73.531249148672,-64.2912305032126,-73.531249148672,-69.3846424004513,4.58053838310965,16.468750851328,90,0,75,0.105282702000011,0.484099806999893,1.49944187499992,2796.921366434,84.7559768026976,84.7559768026976,-77.0780857254898,NA
"83",1,83,7,8.30174059827877,-75.2894024046932,-64.5908634666342,165.318843592207,NA,80.9743763278769,44.7105975953068,120,0,75,0.166278763000037,0.541996959000016,1.58854515299998,65.314930877531,NA,61.7412542688342,-78.5162818520055,NA
"84",1,84,7,8.30174059827877,-85.2842228019701,-87.1948660506553,-85.2842228019701,-86.4229856905829,55.7713276786991,-115.28422280197,330,0,75,0.0624299740000254,0.594084554000062,0.972532037999997,3157.01785635093,89.2941298088755,89.2941298088755,-93.8725321803913,NA
"85",1,85,8,8.30174059827877,-74.4981012598018,-78.2006714905685,-74.4981012598018,-74.8694554224264,-146.462009813245,-134.498101259802,300,0,75,0.0696747089999974,0.536240355999922,1.0881212779999,3883.98334459605,104.667465045697,104.667465045697,-88.3771069830788,-71.9969453159809
"86",1,86,8,8.30174059827877,-97.0902820493815,-97.0902820493815,-97.0902820493815,NA,35.8124823831128,-127.090282049381,330,0,75,0.0619069400000285,0.522408406999944,1.03688112700002,3432.648664306,NA,94.8780085363669,-105.678591427803,NA
"87",1,87,8,8.30174059827877,-65.0138255763983,-58.424329002459,-65.0138255763983,NA,-9.97166433411039,-5.0138255763983,60,0,75,0.170217717000014,0.782098856000175,6.69251736500024,260.566824621023,NA,68.2100398819482,-51.0815728822764,NA
"88",1,88,8,8.30174059827877,-81.8607355779633,-76.0845403388608,-81.8607355779633,-80.6479576917169,-27.508261217346,38.1392644220367,120,0,75,0.121215447999987,0.626763289999872,1.39623414799996,2192.2189813905,94.2353417388507,94.2353417388507,-85.0876150252756,NA
"89",1,89,8,8.30174059827877,-88.5170234350949,-86.7376178001061,-88.5170234350949,-88.4144295465714,-86.8598397919607,-88.5170234350949,0,0,75,0.0971168819999093,0.577304051000112,1.19312045900006,2454.06819241512,92.7820735688541,92.7820735688541,-92.7007982501859,NA
"90",1,90,8,8.30174059827877,-82.2931480531227,-82.2931480531227,-82.2931480531227,-86.2526591472833,-113.759904726252,67.7068519468773,150,0,75,0.0663268840000342,0.648037484999975,1.44360199600004,5009.8179829691,123.420417511327,123.420417511327,-79.3032307882477,NA
"91",1,91,8,8.30174059827877,-64.6440526724034,-64.6440526724034,-64.6440526724034,-55.4039819950256,-34.4305686274327,-154.644052672403,270,0,75,0.0661588210000446,0.568143641000063,1.80446317999986,6305.03094607879,102.771292760101,102.771292760101,-58.1533139311929,NA
"92",1,92,8,8.30174059827877,-64.6831664943757,-71.7615490534335,-64.6831664943757,NA,-80.4991838460856,-34.6831664943757,30,0,75,0.138518622999982,0.506732284000066,1.02085648000002,1117.54781645747,NA,67.1848132730293,-62.4955869318982,NA
"93",1,93,8,8.30174059827877,-55.1131521404259,-41.9886914277602,-49.8087779579365,NA,-49.8087779579365,124.886847859574,180,0,75,0.131760763999978,0.623396752999895,1.18444898600018,371.34959504678,NA,62.4209093509216,-47.1728549014675,NA
"94",1,94,8,8.30174059827877,-71.5358623849965,-63.7151951891554,-71.5358623849965,-65.195970559944,-66.2742690973289,18.4641376150035,90,0,75,0.104195043999994,0.485173793999991,1.29275832099972,2111.51475188194,84.4504932041499,84.4504932041499,-75.0826989618143,NA
"95",1,95,8,8.30174059827877,-64.8297272990574,-55.1601208417269,-64.8297272990574,NA,-17.1953052633966,145.170272700943,210,0,75,0.139711648999992,0.561314143999766,0.910252319999813,168.429052849631,NA,63.9320193222037,-61.4253739199467,NA
"96",1,96,8,8.30174059827877,-71.4331795885757,-71.4331795885757,-71.4331795885757,NA,NA,168.566820411424,240,0,75,0.111296788999994,0.588236418000065,0.979690633000303,NA,NA,63.2214034641075,-57.4045997885841,NA
"97",1,97,9,8.30174059827877,-53.8602050430702,-47.7944241030668,-53.8602050430702,-51.8527941311235,-146.803934903973,156.13979495693,210,0,75,0.0809409960000025,1.00117736200001,43.701354351,1898.81940018794,118.960160363292,118.960160363292,-50.4558516639595,-70.9217968900048
"98",1,98,9,8.30174059827877,-95.3115667957079,-82.0202501079959,-95.3115667957079,-86.4461080749651,-80.1202784308855,24.6884332042921,120,0,75,0.120267035000005,0.364680204000003,1.22748874600002,5394.7377232129,131.376981054512,131.376981054512,-98.5384462430202,NA
"99",1,99,9,8.30174059827877,-77.5238717118125,-66.3491415417026,-77.5238717118125,-77.0254427912224,29.2714541173871,162.476128288187,240,0,75,0.0971050910000031,0.421575162999979,1.528725298,982.684152727794,83.6920579393737,83.6920579393737,-63.4952919118209,NA
"100",1,100,9,8.30174059827877,-67.9511474754859,-76.2524315433667,-67.9511474754859,-73.6256254170311,-112.658100689524,-7.95114747548591,60,0,75,0.626058653999984,0.350297047999995,1.24207910399998,6935.03166082088,112.54564917173,112.54564917173,-54.018894781364,NA
"101",1,101,9,8.30174059827877,-67.7140020380805,-85.898038931116,-96.9466264428391,NA,131.9159792075,-67.7140020380805,0,0,75,0.132842735000004,0.464136136,1.278230773,3881.40283919351,NA,72.3624975484853,-71.8977768531715,NA
"102",1,102,9,8.30174059827877,-66.4414621207896,-63.0850795839035,-66.4414621207896,-63.5107715281238,-127.742824216612,113.55853787921,180,0,75,0.0669229530000166,0.541016756999937,1.02370880600003,4169.22029590818,97.7170184349169,97.7170184349169,-58.5011648818311,NA
"103",1,103,9,8.30174059827877,-87.392687139429,-92.5610135307906,-87.392687139429,-86.3085601482157,-149.54611531076,-117.392687139429,330,0,75,0.0640649620000033,0.575076130999975,1.118962365,1392.69970154558,106.098049311016,106.098049311016,-95.9809965178502,NA
"104",1,104,9,8.30174059827877,-76.4356036234107,-80.5298405321686,-96.284802030939,-75.7959324028744,-122.461769209592,-136.435603623411,300,0,75,0.0705734689999957,0.522319009000014,1.23980409599997,3540.73120499989,115.027989278384,115.027989278384,-90.3146093466877,NA
"105",1,105,9,8.30174059827877,-52.0895918359182,-48.6076106901891,-52.0895918359182,NA,-59.2948811296204,-142.089591835918,270,0,75,0.0898635710000093,0.454621679999974,1.272510461,3953.40419961384,NA,105.407327327568,-45.5988530947077,NA
"106",1,106,9,8.30174059827877,-73.1147873907478,-67.9700098586596,-73.1147873907478,-69.3321326443689,-62.8484932911667,16.8852126092522,90,0,75,0.104372948000005,0.45985609200001,1.28493289899995,2990.38732055454,103.039125772778,103.039125772778,-76.6616239675656,NA
"107",1,107,9,8.30174059827877,-67.0699097811691,-66.8604244779197,-67.0699097811691,NA,-161.012090941446,-37.0699097811691,30,0,75,0.118721449999995,0.538666011000018,1.27759035400004,1020.04658763123,NA,75.391434016455,-64.8823302186916,NA
"108",1,108,9,8.30174059827877,-83.7056404642628,-100.445046392312,-83.7056404642628,-84.078144810964,-109.500192005196,66.2943595357372,150,0,75,0.134916118000007,0.494173418000017,1.15469487200006,842.673143030598,88.1918180222222,88.1918180222222,-80.7157231993878,NA
"109",1,109,10,8.30174059827877,-71.6151133746669,-71.9578442505835,-71.6151133746669,-71.8551853470296,78.4586974988849,-131.615113374667,300,0,75,0.0955458560000011,0.484813377000009,0.979935832999985,3452.20543141513,97.5784095126138,97.5784095126138,-85.4941190979439,-69.229410739965
"110",1,110,10,8.30174059827877,-54.5706946788982,-54.0765264229098,-35.3617985341751,-51.5360114771638,14.3923919149337,-144.570694678898,270,0,75,0.0633515750000129,0.540354308999994,0.953001974999992,4194.70300375574,109.632214749748,109.632214749748,-48.0799559376877,NA
"111",1,111,10,8.30174059827877,-91.9628299252148,-86.7063670542585,-91.9628299252148,-88.0494363774217,-34.0404836692534,28.0371700747852,120,0,75,0.0650840309999978,0.475365747000012,1.07281923900001,4308.92811356083,89.6977820747977,89.6977820747977,-95.1897093725271,NA
"112",1,112,10,8.30174059827877,-60.3203100780262,-51.9137045331404,-60.3203100780262,NA,46.6135140347059,149.679689921974,210,0,75,0.13515031999998,0.562382712999963,0.897632506000022,268.818180056608,NA,61.1599156798642,-56.9159566989155,NA
"113",1,113,10,8.30174059827877,-85.0303967916525,-79.8098947735263,-85.0303967916525,-84.2831595753516,-59.4343669124384,-115.030396791652,330,0,75,0.0618840070000033,0.55412293900001,0.962810896999983,4089.78128708204,106.151431007695,106.151431007695,-93.6187061700737,NA
"114",1,114,10,8.30174059827877,-67.2753094020359,-66.9266179034693,-67.2753094020359,-66.8219237716595,-55.238906959836,-7.27530940203591,60,0,75,0.624495967999977,0.522471905999993,1.70260618199991,5015.82314613223,116.145688190558,116.145688190558,-53.343056707914,NA
"115",1,115,10,8.30174059827877,-75.1145197823149,-87.4719416981987,-75.1145197823149,NA,169.93533020184,164.885480217685,240,0,75,0.134117496000002,0.530154614999987,1.421985006,141.266503991352,NA,70.963502085846,-61.0859399823233,NA
"116",1,116,10,8.30174059827877,-65.3742919176716,-64.3842528611183,51.2675570908191,NA,98.3956003398669,-35.3742919176716,30,0,75,0.132693394,0.512714976999987,1.23022819999998,494.396221268243,NA,61.6288139594638,-63.1867123551941,NA
"117",1,117,10,8.30174059827877,-60.8293160591457,-53.4284225872982,-154.538516097118,-60.8293160591457,-39.777119295937,119.170683940854,180,0,75,0.0971839119999913,0.593392281000064,1.18556751799991,114.401579058947,80.8954381209886,80.8954381209886,-52.8890188201872,NA
"118",1,118,10,8.30174059827877,-84.2539902678552,-84.2901171763474,-84.2539902678552,-84.0682832780181,-104.484034770771,65.7460097321448,150,0,75,0.0971245899999928,0.472580023000006,0.948594821000171,2114.39051154352,99.3845648802852,99.3845648802852,-81.2640730029802,NA
"119",1,119,10,8.30174059827877,-56.2968609041488,-55.4816875646592,-56.2968609041488,-53.2889519184154,-44.3505703926871,-56.2968609041488,0,0,75,0.0935046029999853,0.534872723999996,1.35905373300008,2185.67366803886,104.023371393919,104.023371393919,-60.4806357192398,NA
"120",1,120,10,8.30174059827877,-75.658208437776,-75.8868216773264,-75.658208437776,-74.985424190887,-94.2238321801143,14.341791562224,90,0,75,0.131550820000001,0.584580757999987,1.35816025699992,1501.09223374518,82.3010913032237,82.3010913032237,-79.2050450145938,NA
"121",1,121,11,8.30174059827877,-86.2435412648236,-86.6110588667989,-86.2435412648236,-86.3863745377058,-69.2172322366549,63.7564587351764,150,0,75,0.118698756000015,0.598913134999975,0.947694033999881,905.007901033608,95.0252393480396,95.0252393480396,-83.2536239999486,-69.2034788145393
"122",1,122,11,8.30174059827877,-67.1056528402676,-66.0182720113827,-67.1056528402676,-64.2628686927916,-68.5834347097147,-7.10565284026761,60,0,75,0.104911198999986,0.527374857000012,1.28917066700006,2984.32794890579,81.9160713481968,81.9160713481968,-53.1734001461457,NA
"123",1,123,11,8.30174059827877,-78.2844817918629,-77.5079136721728,-78.2844817918629,-76.7128270600231,171.47801715222,131.715518208137,210,0,75,0.066838381000025,0.552968239000023,1.371173298,1309.31610032133,80.0151658535542,80.0151658535542,-74.8801284127522,NA
"124",1,124,11,8.30174059827877,-80.7055115410425,-82.9006485569305,-80.7055115410425,-80.6655425538979,-151.293662807528,-110.705511541042,330,0,75,0.102598703000041,0.537789494000037,0.988431697999943,1854.69624277556,84.0093222947033,84.0093222947033,-89.2938209194637,NA
"125",1,125,11,8.30174059827877,-66.2960057416165,-60.0428916217973,-66.2960057416165,-60.4160425854498,-60.6432249121864,-156.296005741616,270,0,75,0.0687417640000092,0.542690534999963,0.931001036999987,4064.4867945234,111.34625504445,111.34625504445,-59.805267000406,NA
"126",1,126,11,8.30174059827877,-56.774440861508,-56.3332563491285,145.222988914234,NA,142.125964295355,123.225559138492,180,0,75,0.105359221000015,0.586324767999969,1.35206406999995,1977.87176212592,NA,59.9635098298589,-48.8341436225495,NA
"127",1,127,11,8.30174059827877,-87.8852111717544,-81.5808039134852,-87.8852111717544,-85.2982066204537,-98.0530937683029,32.1147888282456,120,0,75,0.105110182000004,0.497384306999976,1.04843086000002,4049.11991569151,103.828140906151,103.828140906151,-91.1120906190667,NA
"128",1,128,11,8.30174059827877,-70.1510460859642,-75.3979441893068,-70.1510460859642,-68.3164422125097,140.088492874789,-130.151046085964,300,0,75,0.0661632110000028,0.529879959999988,1.09889347399996,4080.56100705846,120.918904691814,120.918904691814,-84.0300518092412,NA
"129",1,129,11,8.30174059827877,-66.4191441783539,-78.1989981925791,-66.4191441783539,-65.0324225177525,-140.951361175709,23.5808558216461,90,0,75,0.100210174000011,0.459085719000001,1.31619311700004,3991.12932187243,88.1604227912673,88.1604227912673,-69.9659807551717,NA
"130",1,130,11,8.30174059827877,-53.9709266804808,-45.3347719035684,-53.9709266804808,NA,7.44976786143828,-53.9709266804808,0,0,75,0.132546823000013,0.568190630999993,1.44030235300002,2436.43683406394,NA,79.1479052353808,-58.1547014955718,NA
"131",1,131,11,8.30174059827877,-71.4250940932655,-75.5868922243085,-71.4250940932655,NA,-149.229138769526,168.574905906734,240,0,75,0.133461236999977,0.603666985999922,1.38498737600003,440.949939918681,NA,76.2009311140147,-57.3965142932739,NA
"132",1,132,11,8.30174059827877,-62.7296022633585,-68.3133441563329,-62.7296022633585,-62.4149589758995,-47.2043406555338,-32.7296022633585,30,0,75,0.115843942000026,0.550920339000101,1.202762533,2979.48690561802,88.8644862269468,88.8644862269468,-60.542022700881,NA
"133",1,133,12,8.30174059827877,-74.9462706040509,-82.4418711903698,-74.9462706040509,NA,-127.039897918514,105.053729395949,180,0,75,0.0990818930000046,0.480047358000007,1.1646442859998,704.416284616696,NA,74.8242430856467,-67.0059733650924,-73.3684321845886
"134",1,134,12,8.30174059827877,-70.1046737589057,-66.3036176296587,-70.1046737589057,-64.1579550410687,-92.5291136554652,-160.104673758906,270,0,75,0.0561444719999997,0.570024508999893,1.03053769799999,5469.74037568914,108.188165086413,108.188165086413,-63.6139350176952,NA
"135",1,135,12,8.30174059827877,-62.9491846211724,-70.1398847906483,-62.9491846211724,-64.2758726189238,-99.0635587686104,147.050815378828,210,0,75,0.0975330660000111,0.600378887999966,1.81457649699993,2688.09828540405,97.4414324929858,97.4414324929858,-59.5448312420617,NA
"136",1,136,12,8.30174059827877,-66.4723158097544,-39.6342886124663,-66.4723158097544,-66.1266995672508,16.5373774181418,-36.4723158097544,30,0,75,0.0872790009999846,0.515456904000018,1.39975497700004,4438.18100786691,90.1290296991099,90.1290296991099,-64.2847362472769,NA
"137",1,137,12,8.30174059827877,-113.456468606268,-94.7927454266158,-100.2242222281,-110.606609685235,-105.364357037481,36.5435313937325,150,0,75,0.124544530999998,0.398498637000017,1.26883108500016,4475.86604740334,109.671710174711,133.472503817619,-110.466551341393,NA
"138",1,138,12,8.30174059827877,-82.7479632856143,-77.3450747649508,-82.7479632856143,-79.0155371731626,-62.4583733074011,-112.747963285614,330,0,75,0.0926331059999939,0.520758081000054,2.49056192400005,4423.51374313876,95.0459489670413,95.0459489670413,-91.3362726640355,NA
"139",1,139,12,8.30174059827877,-68.1060595369219,-68.1060595369219,-68.1060595369219,-60.4452316521051,-39.4409910580607,-68.1060595369219,0,0,75,0.0696159579999858,0.542240303999961,1.08565786799997,9852.14378587925,127.243513318421,127.243513318421,-72.2898343520129,NA
"140",1,140,12,8.30174059827877,-71.7068451752848,-77.3984756388799,-71.7068451752848,-77.5400841120231,-50.4643289762937,-11.7068451752848,60,0,75,0.0971510680000165,0.580394487999996,2.04811317000005,4786.27417466122,85.6556833402034,85.6556833402034,-57.7745924811629,NA
"141",1,141,12,8.30174059827877,-79.079842817943,-75.6535771562351,-79.079842817943,-78.9135344873258,-135.376617304732,10.920157182057,90,0,75,0.118158906000019,0.560376788000013,1.17563136799996,2269.29877165513,86.0424146551772,86.0424146551772,-82.6266793947608,NA
"142",1,142,12,8.30174059827877,-77.3123789856414,-75.3936038957744,-77.3123789856414,NA,144.428230899427,42.6876210143586,120,0,75,0.164196622999981,0.574095004999975,1.44717296000007,543.145090295829,NA,67.5094526381813,-80.5392584329537,NA
"143",1,143,12,8.30174059827877,-64.7790645049562,-71.1873546701122,81.5082813339953,-65.3879745367407,102.311931809757,-124.779064504956,300,0,75,0.0988198050000335,0.535682519000034,0.877288552999943,5673.26399357902,87.7461013387466,87.7461013387466,-78.6580702282332,NA
"144",1,144,12,8.30174059827877,-66.3090312483768,-45.8270449802812,165.852045744483,NA,62.736137756513,173.690968751623,240,0,75,0.126277775999995,0.602027229000043,1.02961307699996,5020.99516597555,NA,66.6772250061471,-52.2804514483852,NA
"145",1,145,13,8.30174059827877,-91.5712281296094,-73.5807997342507,-79.4890894219377,-90.6990775926854,18.8735903105076,58.4287718703906,150,0,75,0.0908391570000049,0.588665208000066,1.50089607799998,7185.47445418591,86.440838452776,86.440838452776,-88.5813108647344,-71.3209722722062
"146",1,146,13,8.30174059827877,-59.446833142423,64.8750553721183,-173.380731816547,NA,-145.238482153278,-29.446833142423,30,0,75,0.184898591999911,0.517821115000174,1.03449177899984,664.158368018807,NA,58.5337770272414,-57.2592535799455,NA
"147",1,147,13,8.30174059827877,-60.6986869523841,-52.8330789843249,-60.6986869523841,-55.6209567046407,-30.829335167264,-150.698686952384,270,0,75,0.101762231999942,0.587032946000022,6.55157627199981,2043.81973607265,103.357580095854,103.357580095854,-54.2079482111736,NA
"148",1,148,13,8.30174059827877,-72.874214857933,-70.9881148077828,-72.874214857933,-71.2236231290765,-100.833641306577,17.125785142067,90,0,75,0.118884217000016,0.537554034999914,1.55104001799987,2399.383055654,85.672052855264,85.672052855264,-76.4210514347508,NA
"149",1,149,13,8.30174059827877,-72.4147930017033,-73.4526825261745,120.614579108884,NA,107.200841470328,-102.414793001703,330,0,75,0.158499407999955,0.660066479000079,1.31531961600001,2697.54142914199,NA,69.9194060448055,-81.0031023801245,NA
"150",1,150,13,8.30174059827877,-69.7235057922996,-69.1531209515679,-69.7235057922996,-69.2240299361062,-36.5457294341982,-129.7235057923,300,0,75,0.0651452150000296,0.569358562000048,1.31638736899993,4549.22505554997,100.048636472737,100.048636472737,-83.6025115155766,NA
"151",1,151,13,8.30174059827877,-67.4521797507741,-68.9339985613145,-67.4521797507741,-66.7786761354731,-76.8748593686058,-7.45217975077408,60,0,75,0.128393253999946,0.621932843999957,1.12787092600007,1078.28288909723,99.1029955776884,99.1029955776884,-53.5199270566522,NA
"152",1,152,13,8.30174059827877,-74.8699462299843,-78.3272005072071,-103.801871477414,-74.5309862285879,-109.695502539476,105.130053770016,180,0,75,0.0924128579999319,0.63453992400008,1.23846173400011,4655.71199800604,93.8368834313013,93.8368834313013,-66.9296489910258,NA
"153",1,153,13,8.30174059827877,-68.0759286574339,-64.8579843405885,-68.0759286574339,NA,-13.9106375532085,141.924071342566,210,0,75,0.101499763999925,0.517527230999974,1.35313986899985,2029.88689018375,NA,73.3460428326786,-64.6715752783232,NA
"154",1,154,13,8.30174059827877,-80.5607718591449,-81.44218084412,-5.03946617936072,NA,-99.7948020187297,159.439228140855,240,0,75,0.0676148099999523,0.552872450000052,1.09448478500002,191.56644408771,NA,79.7480366517025,-66.5321920591533,NA
"155",1,155,13,8.30174059827877,-91.249588803449,-83.6137153992749,-91.249588803449,-88.4148338419128,-2.1136492775918,28.750411196551,120,0,75,0.100134436999952,0.499717221000026,1.71973016999988,3135.90141343329,83.1068085866536,83.1068085866536,-94.4764682507613,NA
"156",1,156,13,8.30174059827877,-64.4629028291623,-64.4629028291623,-64.4629028291623,NA,NA,-64.4629028291623,0,0,75,0.0730062899999666,0.641932687000008,1.32641649800019,7617.01067371757,NA,100.464184910786,-68.6466776442533,NA
"157",1,157,14,8.30174059827877,-49.2596043987507,72.801861145404,-49.2596043987507,-47.0504559228909,-142.884983821551,130.740395601249,180,0,75,0.0883083860000013,0.771237912000004,44.650140395,4166.81059137661,100.180773733434,100.180773733434,-41.3193071597923,-72.9030145528649
"158",1,158,14,8.30174059827877,-78.0821468475046,-73.1341841254568,-78.0821468475045,-71.6844796444925,50.3289846035157,-138.082146847505,300,0,75,0.0649802330000071,0.565513262999993,1.527098051,5805.63907564028,118.132915763247,118.132915763247,-91.9611525707816,NA
"159",1,159,14,8.30174059827877,-85.0489631299002,-84.6914499937081,-85.0489631299002,-83.299536965519,-150.771027169856,64.9510368700998,150,0,75,0.102339361999995,0.517122978999993,1.29622789799998,6296.33379676707,115.484430728213,115.484430728213,-82.0590458650252,NA
"160",1,160,14,8.30174059827877,-74.2662849014484,-70.7757074071986,-74.2662849014484,-70.8187044286565,-51.4792459177133,15.7337150985516,90,0,75,0.107578520999994,0.460893959000003,1.05440116900001,2007.08547086457,81.7185809740443,81.7185809740443,-77.8131214782662,NA
"161",1,161,14,8.30174059827877,-83.3102129154902,-76.5731215532945,-83.3102129154902,NA,-84.8081128566409,36.6897870845098,120,0,75,0.0902297009999984,0.608152840000002,0.88594346,2380.87613599595,NA,72.5283571247854,-86.5370923628025,NA
"162",1,162,14,8.30174059827877,-70.3433385173796,-82.2573322069201,-70.3433385173796,NA,166.643203604936,-40.3433385173796,30,0,75,0.0654269460000023,0.55048628499992,0.980940021000009,1926.4901679028,NA,70.7403404542465,-68.1557589549021,NA
"163",1,163,14,8.30174059827877,-55.8435151707417,-64.0654169093164,-69.2009715911585,-60.9854303607783,-108.486549120349,-145.843515170742,270,0,75,0.119333658000002,0.491651886,1.23873373700002,9611.56091597599,100.599143242595,100.599143242595,-49.3527764295312,NA
"164",1,164,14,8.30174059827877,-90.18887093762,-87.148689184973,91.4232867759839,NA,-111.93703408951,149.81112906238,240,0,75,0.147998979000008,0.543446769999989,1.366759618,1278.60979709245,NA,70.0902789002983,-76.1602911376284,NA
"165",1,165,14,8.30174059827877,-81.2395470349512,-78.3560286551938,-81.2395470349512,-78.1694570956142,162.748013143729,-81.2395470349512,0,0,75,0.071721519999997,0.544758847999972,1.31668161700003,4004.10431739119,96.2995129211362,96.2995129211362,-85.4233218500422,NA
"166",1,166,14,8.30174059827877,-80.1513664744969,-81.9146497005547,-80.1513664744969,-80.1155714392343,-44.1980786363766,-110.151366474497,330,0,75,0.0698454310000045,0.494610705999989,1.28653630699995,5302.19914405637,91.4356580020313,91.4356580020313,-88.7396758529181,NA
"167",1,167,14,8.30174059827877,-73.4665175504618,-65.9009428768737,-73.4665175504618,NA,-153.885842964503,136.533482449538,210,0,75,0.115102035999982,0.564629339999996,1.18141538700003,1171.34200102707,NA,74.791096949572,-70.0621641713511,NA
"168",1,168,14,8.30174059827877,-71.1847194954602,-69.1545627161798,168.087357357977,NA,-0.934525812777444,-11.1847194954602,60,0,75,0.11680435800001,0.523871165000017,1.07630329899993,2360.07476418603,NA,67.6511774855789,-57.2524668013383,NA
"169",1,169,15,8.30174059827877,-58.0820667702083,-58.8678377054249,-58.0820667702083,-57.067832614923,-10.8090350320733,-118.082066770208,300,0,75,0.0780458290000041,0.51069735999998,0.967536364999972,1455.45304213601,96.076768632335,96.076768632335,-71.9610724934853,-73.1533606882618
"170",1,170,15,8.30174059827877,-81.5794442799359,-79.4459432029061,-81.5794442799359,-79.6109570291279,-83.4441716098758,38.4205557200641,120,0,75,0.057409805000006,0.539394765999987,1.13172979199996,3886.81119178443,97.2440121643605,97.2440121643605,-84.8063237272482,NA
"171",1,171,15,8.30174059827877,-82.3993632145087,-81.7410777509634,-82.3993632145087,-81.7998245268099,-100.064601011976,97.6006367854913,180,0,75,0.108784999999983,0.548883053999973,1.17085130000001,2613.06721859605,95.5590268517989,95.5590268517989,-74.4590659755502,NA
"172",1,172,15,8.30174059827877,-74.497517921982,-17.2195259493785,-17.2195259493785,-73.2647406322894,66.7031722314258,135.502482078018,210,0,75,0.105734580000004,0.55578421700001,0.936141446999983,8249.91870613982,86.4021340449356,86.4021340449356,-71.0931645428713,NA
"173",1,173,15,8.30174059827877,-89.2520328413028,-90.9608080670019,-89.2520328413028,-84.6929241049147,-105.764928545563,60.7479671586972,150,0,75,0.0888821679999836,0.609143259999968,1.33286938000002,7083.70322295525,111.987268109761,111.987268109761,-86.2621155764278,NA
"174",1,174,15,8.30174059827877,-90.5820286160071,-94.2556086183861,-90.5820286160071,NA,104.31196845656,149.417971383993,240,0,75,0.086572321999995,0.557665596999996,1.22730701500002,1906.58909670687,NA,69.7386706488518,-76.5534488160155,NA
"175",1,175,15,8.30174059827877,-59.5919407886636,-62.5061956962739,-59.5919407886636,-59.9769103610809,-7.01667609516391,-29.5919407886636,30,0,75,0.109626779999999,0.515029973000026,0.895234741999971,3063.22900205093,89.2260076575788,89.2260076575788,-57.4043612261861,NA
"176",1,176,15,8.30174059827877,-74.5174894051697,-74.4417271524043,-74.5174894051697,NA,-86.2883550571158,15.4825105948303,90,0,75,0.115875546000012,0.581794971000022,1.48014093500005,3313.13225986064,NA,79.0284295758208,-78.0643259819875,NA
"177",1,177,15,8.30174059827877,-53.3614654456917,-35.995212324582,-53.3614654456917,-52.9995231588969,-0.206108304763916,-143.361465445692,270,0,75,0.104287551999988,0.523175911999999,1.82938431200006,3978.65752801083,113.311270554455,113.311270554455,-46.8707267044812,NA
"178",1,178,15,8.30174059827877,-71.9324820267789,-72.6848736685069,-71.9324820267789,-72.6848736685069,-107.855126020184,-11.9324820267789,60,0,75,0.106134326999978,0.533809717000054,1.23461796500001,3098.06723998035,81.2457064821055,81.2457064821055,-58.000229332657,NA
"179",1,179,15,8.30174059827877,-75.3387035617142,-73.9731426752751,-75.3387035617142,-74.8788190120028,-30.8459339916679,-75.3387035617142,0,0,75,0.0550644759999841,0.636468097000005,1.149124847,3539.07621903031,102.627262993221,102.627262993221,-79.5224783768052,NA
"180",1,180,15,8.30174059827877,-84.2547061270051,-130.510646673556,-84.2547061270051,-88.1877475396109,153.800685624607,-114.254706127005,330,0,75,0.106873830000012,0.567330270000014,1.79082973700008,2508.4806849277,86.338054370655,86.338054370655,-92.8430155054263,NA
"181",1,181,16,8.30174059827877,-85.5015942609467,-78.898297070391,-85.5015942609467,-88.4394364837862,-34.971778465438,-115.501594260947,330,0,75,0.113962787999981,0.494864884000066,1.20181128199994,4329.51790907495,99.0901671309384,99.0901671309384,-94.0899036393679,-74.1571054630555
"182",1,182,16,8.30174059827877,-79.6354427475605,-69.3254498501639,1.93181979398366,-79.1410623260383,81.0540499021085,100.364557252439,180,0,75,0.0958310569999696,0.514065121999977,1.14508728600012,9801.08738810789,85.1606001075129,85.1606001075129,-71.6951455086021,NA
"183",1,183,16,8.30174059827877,-59.6070534815148,-53.4219477322556,-59.6070534815148,-57.0114568892971,-113.352923805313,-149.607053481515,270,0,75,0.0766574520000063,0.540670171000045,1.04360592499995,5767.25099790045,105.989874463411,105.989874463411,-53.1163147403043,NA
"184",1,184,16,8.30174059827877,-64.3505122469018,-57.6172108518252,-64.3505122469018,NA,125.258052000769,25.6494877530982,90,0,75,0.135003347000008,0.63114110999993,1.453649942,1749.24110210039,NA,78.9191975276174,-67.8973488237196,NA
"185",1,185,16,8.30174059827877,-84.367950771737,-83.568589359648,-84.367950771737,-83.6727219323974,-39.9269732768047,65.632049228263,150,0,75,0.111445114999981,0.689061340999871,0.968272263000017,2659.20325693191,109.431782849448,109.431782849448,-81.378033506862,NA
"186",1,186,16,8.30174059827877,-83.8942064704161,-88.6784759550599,-83.8942064704161,-83.3519146986797,-125.408698968762,156.105793529584,240,0,75,0.0862007499999606,0.63595597799997,2.67182437700012,3186.10589799987,88.1530711943318,88.1530711943318,-69.8656266704245,NA
"187",1,187,16,8.30174059827877,-74.5306249356565,-75.9212197518868,-74.5306249356565,-74.0361306897296,152.337623550394,-134.530624935657,300,0,75,0.0748963490000278,0.598940124999899,1.21573178800006,4083.9914802202,101.167403813637,101.167403813637,-88.4096306589335,NA
"188",1,188,16,8.30174059827877,-74.5951176574674,-71.0527414821569,-74.5951176574674,NA,-80.4332058802994,-14.5951176574674,60,0,75,0.0917147549999981,0.524082157000095,1.39115055000005,2141.70255164559,NA,77.4299985217961,-60.6628649633455,NA
"189",1,189,16,8.30174059827877,-71.3926640173968,-68.4897469262381,-71.3926640173968,NA,1.89174592368102,-41.3926640173968,30,0,75,0.080329345999985,0.584369446999943,1.40155697299994,1789.58286479206,NA,78.0129327259482,-69.2050844549193,NA
"190",1,190,16,8.30174059827877,-78.6067287438291,-76.2343631606621,-78.6067287438291,-76.2343631606621,-45.7386907870368,131.393271256171,210,0,75,0.0824875559999896,0.523467689000029,1.02771493099999,3875.49643299327,88.8997673158374,88.8997673158374,-75.2023753647184,NA
"191",1,191,16,8.30174059827877,-86.4821659986662,-86.4821659986662,-86.4821659986662,-81.5320436266947,-112.049577026052,33.5178340013338,120,0,75,0.104723223000008,0.522517076000071,1.22094146900011,7803.38453957039,110.639187726006,110.639187726006,-89.7090454459785,NA
"192",1,192,16,8.30174059827877,-64.4701169643992,-64.4701169643992,-64.4701169643992,-56.8366647240628,-32.3472535426409,-64.4701169643992,0,0,75,0.0920733350000091,0.519080843000097,1.53616042600012,7040.98612751384,132.224644438905,132.224644438905,-68.6538917794902,NA
"193",1,193,17,8.30174059827877,-83.247439561651,-86.6723892988765,-83.247439561651,-85.7157933467476,-105.528199923205,156.752560438349,240,0,75,0.0963388090000308,0.622627042999994,2.66656818400008,2047.7115356388,94.1441793074425,94.1441793074425,-69.2188597616594,-78.2920043659493
"194",1,194,17,8.30174059827877,-83.0067903174356,-80.0009869737231,-83.0067903174356,-77.7086214853706,149.181618233868,-173.006790317436,270,0,75,0.0595011260000149,0.665524664999936,1.03645069899997,3695.33802858449,102.267222591986,102.267222591986,-76.5160515762251,NA
"195",1,195,17,8.30174059827877,-87.2133275757447,-80.6088693943006,-87.2133275757447,-82.3562590093189,-72.6655169220941,32.7866724242553,120,0,75,0.0864061219999996,0.52598714100003,1.12111098800003,4287.86073307884,121.704240173218,121.704240173218,-90.440207023057,NA
"196",1,196,17,8.30174059827877,-78.9184657538838,-72.6341221746345,-78.9184657538838,-73.2703450996428,-39.0897578538696,-78.9184657538838,0,0,75,0.0490645830000176,0.608044565000057,1.164263175,2016.04139328046,115.579220438075,115.579220438075,-83.1022405689748,NA
"197",1,197,17,8.30174059827877,-69.6740997516985,-71.1143370322687,-69.6740997516985,-69.0638621183748,-77.0262573937653,-129.674099751698,300,0,75,0.0581398479999962,0.509233575999986,1.21761749999999,4991.75658815687,117.228466022487,117.228466022487,-83.5531054749755,NA
"198",1,198,17,8.30174059827877,-98.9600613832677,-97.8998213264687,-98.9600613832677,NA,103.912857186398,51.0399386167323,150,0,75,0.0929656779999846,0.512154612000046,1.28092739399995,3782.49214419955,NA,127.173809661619,-95.9701441183927,NA
"199",1,199,17,8.30174059827877,-70.7563470040602,-77.2352560920149,-70.7563470040602,-72.2961621771884,-100.879607457664,109.24365299594,180,0,75,0.0899591840000085,0.621491440999989,0.985324956000028,1258.40664568702,81.3586682004765,81.3586682004765,-62.8160497651018,NA
"200",1,200,17,8.30174059827877,-67.38899389108,-66.0827951022328,-67.38899389108,-68.7733631801457,-105.496030376815,22.61100610892,90,0,75,0.499109730000015,0.441317769999984,1.58069224800005,4597.60812149925,122.530010820312,122.530010820312,-70.9358304678978,NA
"201",1,201,17,8.30174059827877,-89.0866231034273,-155.579115988963,-89.0866231034273,-88.362275024498,-49.9116659337603,-119.086623103427,330,0,75,0.0895982600000025,0.526127866999957,1.27431874799996,1921.84893324651,96.1754897136125,96.1754897136125,-97.6749324818485,NA
"202",1,202,17,8.30174059827877,-83.3861303600656,-80.6674564915315,-83.3861303600656,-82.8326337951278,137.744779653021,126.613869639934,210,0,75,0.0894444719999967,0.597551891999984,1.44646686500005,3729.48569047199,92.2348782795795,92.2348782795795,-79.9817769809549,NA
"203",1,203,17,8.30174059827877,-71.2342963630208,-75.9676261574118,-71.2342963630208,-68.8813298907934,-87.3723193641549,-41.2342963630208,30,0,75,0.082895958000023,0.496875053999958,1.14205629200004,1831.07348630238,86.1927469470769,86.1927469470769,-69.0467168005433,NA
"204",1,204,17,8.30174059827877,-74.1803900658827,152.891482028325,152.891482028325,NA,15.6891283692225,-14.1803900658827,60,0,75,0.107984724000005,0.539146929000026,1.80580432200003,8776.98976762066,NA,67.2396372031691,-60.2481373717608,NA
"205",1,205,18,8.30174059827877,-86.9978855138673,-84.8176777278989,66.9985658626847,NA,107.537425516116,153.002114486133,240,0,75,0.0904296799999997,0.589542728000026,1.08904962500026,2634.97658005754,NA,74.5797767958686,-72.9693057138757,-78.4066490976239
"206",1,206,18,8.30174059827877,-72.5059812897186,-79.4572388625657,-79.4572388625657,NA,-84.2976790631196,107.494018710281,180,0,75,0.11808750299997,0.599403816999825,1.25422412300009,2691.31180286255,NA,62.7595818796395,-64.5656840507602,NA
"207",1,207,18,8.30174059827877,-79.0573111861904,-78.2784595270187,-79.0573111861903,-79.3312632592919,-74.693036116286,40.9426888138096,120,0,75,0.0880322189999561,0.566807759000028,6.32782653499976,5010.14493483207,110.514040704874,110.514040704874,-82.2841906335027,NA
"208",1,208,18,8.30174059827877,-62.8225303737201,-87.5769026208037,-62.8225303737201,-59.4411085701124,171.54262354124,-152.82253037372,270,0,75,0.0579699649999839,0.574406558999897,0.986432336999997,3541.4520497332,94.394250434425,94.394250434425,-56.3317916325096,NA
"209",1,209,18,8.30174059827877,-79.2363056600565,-80.2884903902159,-79.2363056600565,-79.1255712930324,-102.420542326656,-19.2363056600565,60,0,75,0.521665951999921,0.492346156000167,1.49233156499997,4454.30592131599,105.923174877206,105.923174877206,-65.3040529659346,NA
"210",1,210,18,8.30174059827877,-90.0718883416943,-90.7847495076354,106.338750309894,-90.1597852095567,10.8726740082228,-0.0718883416942724,90,0,75,0.0705801830000041,0.516569759000049,1.45173746700016,7235.71883343893,87.0183618077275,87.0183618077275,-93.6187249185121,NA
"211",1,211,18,8.30174059827877,-81.8552621608301,-77.9092905837948,-81.8552621608301,-76.4794153137295,-77.893327343903,-141.85526216083,300,0,75,0.0754111019999755,0.549978054999883,1.34058916900017,7565.49876088506,113.581846609824,113.581846609824,-95.7342678841071,NA
"212",1,212,18,8.30174059827877,-95.1538008882573,-88.392614930319,-95.1538008882573,-91.7394347945919,-48.8714184098203,-65.1538008882573,30,0,75,0.106846004999909,0.446697251000046,0.89576221599998,2222.88955547903,90.228407815393,90.228407815393,-92.9662213257798,NA
"213",1,213,18,8.30174059827877,-71.6127041961452,-66.1631750612275,-71.6127041961452,-68.8513957933029,-52.8008575132035,138.387295803855,210,0,75,0.0960826760000373,0.597139232999893,2.1327350049998,1700.08243673841,81.2574471515594,81.2574471515594,-68.2083508170345,NA
"214",1,214,18,8.30174059827877,-81.2450590776098,-79.5619593613996,-81.2450590776098,-80.2601187217834,-109.540466435879,-81.2450590776098,0,0,75,0.0599962279999318,0.561413696000102,0.981776575999675,4352.9630125998,94.6995931975156,94.6995931975156,-85.4288338927008,NA
"215",1,215,18,8.30174059827877,-93.3894317168727,-93.3894317168727,-93.3894317168727,NA,172.814546223509,56.6105682831273,150,0,75,0.122864618999927,0.52655150999999,1.31714875300014,1683.31154129429,NA,84.5806601973594,-90.3995144519977,NA
"216",1,216,18,8.30174059827877,-64.4805415063514,-64.4805415063514,-64.4805415063514,-62.3592350956401,NA,-94.4805415063514,330,0,75,0.0912105540000425,0.528765381000198,0.91759979599999,5058.72668424211,99.1417446236301,99.1417446236301,-73.0688508847726,NA
"217",1,217,19,8.30174059827877,-59.509268635244,25.4619150776601,-120.690813239813,NA,63.8164881431508,-59.509268635244,0,0,75,0.224812826999994,0.759307422999996,42.866111586,2204.79957499764,NA,69.8381132431698,-63.693043450335,-68.859785474849
"218",1,218,19,8.30174059827877,-78.1097714720476,-78.314267488691,-78.1097714720476,-78.314267488691,131.788894213728,101.890228527952,180,0,75,0.0655110900000082,0.540276093999992,1.20471126399998,2914.39817585987,84.5366272397436,84.5366272397436,-70.1694742330891,NA
"219",1,219,19,8.30174059827877,-86.2048715827207,-82.7307253596639,-86.2048715827207,-82.7307253596639,-125.291140206612,33.7951284172793,120,0,75,0.0991326759999893,0.45835230399998,1.10437862500002,2763.50585064558,101.080038807111,101.080038807111,-89.431751030033,NA
"220",1,220,19,8.30174059827877,-90.3143787425934,-89.4334863432981,-90.3143787425934,-89.74085551782,-32.122277961431,59.6856212574066,150,0,75,0.142500967999993,0.475832445000016,0.963235346000012,1373.72699753858,116.400215713181,116.400215713181,-87.3244614777184,NA
"221",1,221,19,8.30174059827877,-78.8417714023539,117.931689266892,117.931689266892,-73.6899896204,176.127406343289,11.1582285976461,90,0,75,0.0997550680000003,0.554702505999998,1.34004867599995,7544.53155203935,87.5436172136697,87.5436172136697,-82.3886079791717,NA
"222",1,222,19,8.30174059827877,-61.9380322236357,-42.7828167865396,26.6614032440709,NA,94.2865028341989,148.061967776364,210,0,75,0.100472489000012,0.531972775000014,0.977725144000026,1727.58981522916,NA,66.730006041469,-58.533678844525,NA
"223",1,223,19,8.30174059827877,-85.7252056287882,-17.1453017187732,-85.7252056287882,-84.6443297116167,-30.0322911670928,154.274794371212,240,0,75,0.117019149000001,0.599814730999995,1.41780240600005,1913.57682732579,82.4720282996333,82.4720282996333,-71.6966258287966,NA
"224",1,224,19,8.30174059827877,-67.6946957905323,-64.2027472401369,-67.6946957905323,-66.3768697272628,49.2952401195495,-97.6946957905323,330,0,75,0.0756546470000075,0.516320906000018,1.141491997,6348.2855247128,92.5843330311899,92.5843330311899,-76.2830051689535,NA
"225",1,225,19,8.30174059827877,-56.0850117121367,-58.3241179215931,88.2820980743665,NA,12.0737630940509,3.91498828786332,60,0,75,0.0959986189999995,0.538290364000005,1.00130065600005,6950.48749753092,NA,79.5346236574118,-42.1527590180148,NA
"226",1,226,19,8.30174059827877,-59.6805085027106,-63.305771258999,-92.099932961856,-63.1254771247203,-123.524906108544,-119.680508502711,300,0,75,0.092862640000007,0.514090113999998,1.19161355499996,2479.62026740369,84.8100480667947,84.8100480667947,-73.5595142259876,NA
"227",1,227,19,8.30174059827877,-56.6023998758641,-54.7392301149517,-56.6023998758641,NA,-131.842859993036,-146.602399875864,270,0,75,0.114027471,0.527031614000009,1.14863543900005,3332.69374704157,NA,92.4586023820316,-50.1116611346536,NA
"228",1,228,19,8.30174059827877,-63.1604228693876,-25.3381406292972,-63.1604228693876,NA,25.4952124349239,-33.1604228693876,30,0,75,0.115767300000002,0.574620939000027,1.56659096200003,1798.10790195795,NA,78.704207656511,-60.9728433069101,NA
"229",1,229,20,8.30174059827877,-61.6902849414908,-61.9149969465087,-61.6902849414908,-61.1421139156994,-171.801733498807,-151.690284941491,270,0,75,0.117154188000001,0.52588727700001,1.46793962300003,2195.81432655202,90.8066572069247,90.8066572069247,-55.1995462002803,-73.555655488689
"230",1,230,20,8.30174059827877,-71.6391370089272,-70.9323164142246,-61.8503065942175,-70.8710779381012,74.6033485405763,-131.639137008927,300,0,75,0.0979313130000037,0.567484857000039,1.17581916999994,7310.27678048603,97.4853663587499,97.4853663587499,-85.5181427322042,NA
"231",1,231,20,8.30174059827877,-63.2188191056781,-67.1802252372031,-63.2188191056781,-65.4515600881594,-122.458873748837,26.7811808943219,90,0,75,0.0568050050000153,0.504550087000013,1.09169919199995,7163.55486405901,115.945927097169,115.945927097169,-66.7656556824959,NA
"232",1,232,20,8.30174059827877,-76.5863498446618,-76.5863498446618,-76.5863498446618,-72.0776362113447,-40.6030188115807,-76.5863498446618,0,0,75,0.0538959510000154,0.521030994000014,1.187594374,6165.72610798842,108.400123822803,108.400123822803,-80.7701246597528,NA
"233",1,233,20,8.30174059827877,-74.1903484245669,-75.1109967728657,-74.1903484245669,-75.1832505755454,-51.9508531008245,-104.190348424567,330,0,75,0.0912677469999892,0.537233776000008,1.683095029,5774.43778295889,109.59498502762,109.59498502762,-82.7786578029881,NA
"234",1,234,20,8.30174059827877,-59.5000473007172,-55.8253396133224,-59.5000473007172,-59.8144993392005,-38.1765294335178,0.499952699282839,60,0,75,0.0948827570000077,0.479303494999996,2.30945612000001,4367.14452848431,94.9878679450528,94.9878679450528,-45.5677946065953,NA
"235",1,235,20,8.30174059827877,-66.9551721866116,-64.462308823332,-66.9551721866116,-66.6138690394944,-1.29904015718679,113.044827813388,180,0,75,0.0860932040000222,0.559197622999989,1.28347494099994,5146.09291721002,97.0904462456473,97.0904462456473,-59.0148749476532,NA
"236",1,236,20,8.30174059827877,-86.3259928318718,-88.7507411772885,-86.3259928318718,-87.0666905899016,130.841831493403,153.674007168128,240,0,75,0.0902029260000177,0.594001259999914,1.34089128100003,1714.68962276954,82.7677405483957,82.7677405483957,-72.2974130318802,NA
"237",1,237,20,8.30174059827877,-79.5543885061063,-75.2262280788849,89.0818478185747,NA,144.356412704697,130.445611493894,210,0,75,0.147384710000011,0.546993625999932,1.034307157,849.833248877188,NA,61.0139917534579,-76.1500351269956,NA
"238",1,238,20,8.30174059827877,-69.5832097121492,96.1120104078223,96.1120104078223,-68.8267143896698,-114.313632009507,-39.5832097121492,30,0,75,0.100713615000018,0.589557938999974,1.19330528999998,6479.92809875192,80.5819826316612,80.5819826316612,-67.3956301496717,NA
"239",1,239,20,8.30174059827877,-102.932157888001,-98.8337887607532,-115.531442895388,-93.3107947659863,-119.279135096081,47.0678421119993,150,0,75,0.0993286589999798,0.481300986999969,1.00001478000001,4196.97144478427,108.245117402304,108.245117402304,-99.942240623126,NA
"240",1,240,20,8.30174059827877,-88.040870853312,-76.8350483602947,-88.040870853312,-80.962433856085,-16.2873652864182,31.959129146688,120,0,75,0.096454977999997,0.501679057000075,0.911517503000027,2965.38572098501,96.5700280898252,96.5700280898252,-91.2677503006243,NA
"241",1,241,21,8.30174059827877,-82.5443838758026,-128.987167460413,-128.987167460413,-79.5961472236189,-118.990381622032,37.4556161241974,120,0,75,0.117081012999989,0.470303170000108,1.02701653099984,6425.76321222326,90.8605366907977,90.8605366907977,-85.7712633231149,-73.5894745040834
"242",1,242,21,8.30174059827877,-73.626845615258,-65.3750709413084,-73.626845615258,-64.5956244004228,-64.6318058955599,-133.626845615258,300,0,75,0.0846953140000153,0.507977866000004,0.911928388000007,1741.6842896122,98.8228300261303,98.8228300261303,-87.505851338535,NA
"243",1,243,21,8.30174059827877,-67.4061761040329,-68.0617099806548,-67.4061761040329,NA,20.5053072985185,-7.40617610403292,60,0,75,0.144015508000024,0.500548688000009,1.28899700700003,789.657201763815,NA,65.6974267721306,-53.473923409911,NA
"244",1,244,21,8.30174059827877,-80.1473665323258,-66.794103492071,-80.1473665323258,NA,23.3043111943948,9.85263346767421,90,0,75,0.126637453000001,0.583475369999974,1.697436598,721.066170153122,NA,66.7381337437827,-83.6942031091436,NA
"245",1,245,21,8.30174059827877,-73.1253833046923,-73.1253833046923,-73.1253833046923,-76.2787838443572,-138.629415700174,76.8746166953077,150,0,75,0.0625791649999883,0.591170350999988,1.17147819899992,3412.3420397741,90.8055027747248,90.8055027747248,-70.1354660398173,NA
"246",1,246,21,8.30174059827877,-73.8831131769268,-70.2143355909944,-73.8831131769268,-71.3811939917783,87.7878185139922,-73.8831131769268,0,0,75,0.0843918199999791,0.520513859000005,1.51103586700003,2512.72824033068,84.4209005159523,84.4209005159523,-78.0668879920178,NA
"247",1,247,21,8.30174059827877,-76.5737618832049,-40.4372516340786,80.8984841387675,NA,112.109521396102,133.426238116795,210,0,75,0.0982212589999563,0.599928045999974,1.43834977099996,1306.72540045836,NA,74.9791246764533,-73.1694085040942,NA
"248",1,248,21,8.30174059827877,-57.1532141318994,-50.2562525122047,-57.1532141318994,-50.4323421402123,-15.2228816033061,-147.153214131899,270,0,75,0.0769583949999912,0.599581059999963,1.23742650699998,3275.57027720104,99.1263850070833,99.1263850070833,-50.6624753906889,NA
"249",1,249,21,8.30174059827877,-83.2464327994907,-77.2588314718753,-83.2464327994907,NA,-130.647535940057,96.7535672005093,180,0,75,0.101572574000016,0.571149280999975,1.67680354700005,1844.28528369228,NA,71.9218831799747,-75.3061355605323,NA
"250",1,250,21,8.30174059827877,-80.8093738517446,-80.8093738517446,-80.8093738517446,-78.1227711242535,-2.3852607199409,-50.8093738517446,30,0,75,0.073787450999987,0.5560887850001,0.754740365000032,5583.34032650729,95.5585281628014,95.5585281628014,-78.6217942892671,NA
"251",1,251,21,8.30174059827877,-66.4528048812678,-63.2507583613838,-113.649112548869,-64.4713320607184,-15.6437457141754,-96.4528048812678,330,0,75,0.0943184010000095,0.624180586999955,1.14545591800007,4016.75611507236,81.2655125725945,81.2655125725945,-75.041114259689,NA
"252",1,252,21,8.30174059827877,-85.6537506321813,-77.6675087515981,43.5292200577656,NA,73.3968409191819,154.346249367819,240,0,75,0.111406734000013,0.497244416999933,1.26367109299997,1829.073060665,NA,69.9860072453364,-71.6251708321897,NA
"253",1,253,22,8.30174059827877,-89.8326652714436,-88.2242415460534,-89.8326652714436,-88.8610337759902,-47.4306141863297,-29.8326652714436,60,0,75,0.0898931399999867,0.548072894000029,1.61634416000001,1986.15461048718,103.129167495997,103.129167495997,-75.9004125773217,-75.5396251934795
"254",1,254,22,8.30174059827877,-69.1716882471268,-69.1716882471268,-69.1716882471268,-65.1930518049139,-70.9983096386254,-129.171688247127,300,0,75,0.0609400129999926,0.512578796999975,1.08170144099998,3574.49830814198,87.503984072809,87.503984072809,-83.0506939704038,NA
"255",1,255,22,8.30174059827877,-78.8726667716626,-64.8066199297405,-78.8726667716626,-68.3545994181392,-32.0257252971337,-168.872666771663,270,0,75,0.0695438120000063,0.570305632000014,1.15996741900005,5945.26211250872,99.8531411289158,99.8531411289158,-72.3819280304521,NA
"256",1,256,22,8.30174059827877,-78.0835427508738,-78.0835427508738,-78.0835427508738,-70.7964389164651,164.040732708593,11.9164572491262,90,0,75,0.096572392000013,0.420392375999995,1.21741359799995,5561.67458500927,101.979616303787,101.979616303787,-81.6303793276916,NA
"257",1,257,22,8.30174059827877,-80.3682347722321,-80.5852518081207,-80.3682347722321,-81.4070823491181,-174.152035411587,99.6317652277679,180,0,75,0.0706641590000174,0.552068227000007,1.0451891429999,4080.24091051753,86.6967623484676,86.6967623484676,-72.4279375332736,NA
"258",1,258,22,8.30174059827877,-73.9226850020583,23.2660432711787,23.2660432711787,NA,95.7343182891592,-103.922685002058,330,0,75,0.100481547000015,0.420217381000015,0.968502105999988,6000.61043024746,NA,69.8219898728997,-82.5109943804795,NA
"259",1,259,22,8.30174059827877,-85.2565372209396,-149.429605151193,-85.4378641265517,-84.8355480941295,172.277972448873,34.7434627790604,120,0,75,0.0829231040000025,0.480127109999984,1.13508734199999,5564.63994767714,86.7016594476038,86.7016594476038,-88.4834166682519,NA
"260",1,260,22,8.30174059827877,-64.1503779482666,-63.3248760331271,-44.9094122415944,-62.754134615927,19.0520832720692,-34.1503779482666,30,0,75,0.134075791999976,0.469907099000125,1.12109223600007,2595.3222495511,81.9694856201976,81.9694856201976,-61.9627983857891,NA
"261",1,261,22,8.30174059827877,-97.1057212975047,-79.0604183896069,-97.1057212975047,-93.7563084092403,-12.8414927391169,52.8942787024953,150,0,75,0.0847454100000107,0.475853451999967,0.96317680300001,3489.49628820783,95.4290709816849,95.4290709816849,-94.1158040326297,NA
"262",1,262,22,8.30174059827877,-66.7799484274919,-60.7005540370183,-66.7799484274919,NA,108.036401512285,143.220051572508,210,0,75,0.0948177139999871,0.503930935000028,1.43169412099996,2186.85844259214,NA,78.6872804499875,-63.3755950483812,NA
"263",1,263,22,8.30174059827877,-74.2223258615911,-79.2030941425151,-74.2223258615911,-75.4465965130546,-135.694102220475,165.777674138409,240,0,75,0.102569761000012,0.530098404000086,1.07750711100002,1322.05817370909,85.5178040033562,85.5178040033562,-60.1937460615995,NA
"264",1,264,22,8.30174059827877,-66.2580214903887,-66.2580214903887,-66.2580214903887,-62.6507062009249,-25.127047110763,-66.2580214903887,0,0,75,0.0714249550000261,0.477187283000006,0.962744444000009,4862.10942425254,91.2643569060775,91.2643569060775,-70.4417963054797,NA
"265",1,265,23,8.30174059827877,-79.2659537765872,-78.5448676887749,174.882317397126,NA,179.240964052085,100.734046223413,180,0,75,0.171711185999982,0.453818189999993,0.912771222999936,1419.39984225505,NA,62.6964908308149,-71.3256565376287,-75.5850275212788
"266",1,266,23,8.30174059827877,-74.6519046802447,-74.6519046802447,-74.6519046802447,NA,-131.697028398593,15.3480953197553,90,0,75,0.117145329000095,0.479444415999978,1.23096917500033,2242.87044942261,NA,80.5821979612955,-78.1987412570625,NA
"267",1,267,23,8.30174059827877,-80.6396921570489,120.632609158167,-80.6396921570489,NA,-127.643783915555,-110.639692157049,330,0,75,0.100137398000015,0.510027808000075,6.7519543479998,722.867338866303,NA,78.7053245516521,-89.2280015354701,NA
"268",1,268,23,8.30174059827877,-91.1616031848303,-86.5964814343893,69.3607314105092,NA,73.7984472631579,28.8383968151697,120,0,75,0.12203317299992,0.530228832000034,1.06548622399976,1535.10807648576,NA,66.555616685268,-94.3884826321426,NA
"269",1,269,23,8.30174059827877,-95.9262021746846,-95.9262021746846,-95.9262021746846,NA,-38.3425082608268,-95.9262021746846,0,0,75,0.0620924840000043,0.505768771000021,1.21029433200016,2621.25333374811,NA,78.238304259934,-100.109976989776,NA
"270",1,270,23,8.30174059827877,-63.9262253053234,-66.4420600013218,-63.9262253053234,NA,-61.3162227261834,-33.9262253053234,30,0,75,0.134238255000014,0.490515621999918,1.00021842400014,894.769817758143,NA,76.2991975508818,-61.7386457428459,NA
"271",1,271,23,8.30174059827877,-63.52852130754,-57.5007673876,-63.52852130754,NA,-152.010596941785,-153.52852130754,270,0,75,0.0617401400000404,0.562894696000114,1.30588072299997,6098.93513702134,NA,108.164323912661,-57.0377825663295,NA
"272",1,272,23,8.30174059827877,-70.8716836115054,-69.5883735607339,-70.8716836115054,-69.5131136830116,-28.7028862028981,-10.8716836115054,60,0,75,0.101507337000044,0.647966308999798,0.912468100000183,1369.36651152555,85.3981653027412,85.3981653027412,-56.9394309173835,NA
"273",1,273,23,8.30174059827877,-68.2994055875413,-74.7524544257028,-68.2994055875413,-68.8168845030808,115.474554803762,-128.299405587541,300,0,75,0.0665394740000238,0.51882241099986,1.07166507899967,3496.7322242364,103.759667302511,103.759667302511,-82.1784113108183,NA
"274",1,274,23,8.30174059827877,-81.5950585103506,-118.239429787949,-80.1785797775018,-77.2677381275791,-93.7604308376551,158.404941489649,240,0,75,0.889549073000182,0.605969531000085,1.01598402300004,5044.10038122093,108.781208148358,108.781208148358,-67.566478710359,NA
"275",1,275,23,8.30174059827877,-90.9060008772044,-84.2090625266487,-90.9060008772044,NA,-87.702346318979,59.0939991227956,150,0,75,0.100731322999991,0.580914145000122,2.86056339399977,1683.00723073282,NA,77.5638156142353,-87.9160836123294,NA
"276",1,276,23,8.30174059827877,-63.7969918223113,-42.9416734008282,-63.7969918223113,NA,NA,146.203008177689,210,0,75,0.0926286440000013,0.661168222000015,1.06532461399996,-588.819962194617,NA,70.5256774728489,-60.3926384432006,NA
"277",1,277,24,8.30174059827877,-52.5596218472431,-92.2367865521302,-92.2367865521302,-52.5596218472431,159.674259375232,-82.5596218472431,330,0,75,0.0627141100000017,1.10878585599998,44.244373234,7561.41474363664,111.627055339062,111.627055339062,-61.1479312256643,-70.5295341469971
"278",1,278,24,8.30174059827877,-94.9311947390893,-84.3860156004973,-94.9311947390893,-83.865603130726,-94.7375375253867,25.0688052609107,120,0,75,0.0868300439999956,0.407698681999996,0.958406767000014,9913.9878482785,121.151726370914,121.151726370914,-98.1580741864016,NA
"279",1,279,24,8.30174059827877,-66.5514993625929,-55.6479834873213,-66.5514993625929,-56.2404368138826,-29.4435346495209,-156.551499362593,270,0,75,0.0949255550000032,0.421529928000012,0.833861337999977,6131.04050173211,110.48640435301,110.48640435301,-60.0607606213824,NA
"280",1,280,24,8.30174059827877,-72.9490826107124,-71.4500556420483,-77.6733068120347,-71.8508152941106,165.327720394629,167.050917389288,240,0,75,0.112556796,0.548607413000013,1.60944488100002,7593.6068184204,82.5622901190498,82.5622901190498,-58.9205028107208,NA
"281",1,281,24,8.30174059827877,-68.6389102317951,-69.8856927894464,146.05308883075,NA,177.343745980247,-68.6389102317951,0,0,75,0.0693336139999943,0.488161470000023,1.50074771700002,5614.06825355168,NA,76.1124357301171,-72.8226850468861,NA
"282",1,282,24,8.30174059827877,-94.367707686005,-93.2091572691903,-94.367707686005,-93.2091572691903,150.978648451928,55.632292313995,150,0,75,0.120168698000001,0.482268911999981,0.921523985999968,1171.32376619955,82.4931564550448,82.4931564550448,-91.37779042113,NA
"283",1,283,24,8.30174059827877,-82.3009154386822,-71.3568340680269,-46.9474061626545,-72.5532768219113,-97.6407309825521,7.69908456131782,90,0,75,0.081237256999998,0.526609232000027,1.25874368700003,7433.92802182478,96.1550327841085,96.1550327841085,-85.8477520155,NA
"284",1,284,24,8.30174059827877,-64.7662522807481,-65.2190108779105,-64.7662522807481,NA,48.3771972378015,-4.7662522807481,60,0,75,0.120769430999985,0.487917435999975,0.955498849000008,1434.79889791726,NA,74.4425627963223,-50.8339995866262,NA
"285",1,285,24,8.30174059827877,-71.8345561106316,-72.9100321444071,-71.8345561106316,-73.0388639533244,-81.2705884920363,108.165443889368,180,0,75,0.106776995999994,0.621844604999993,1.43678662700006,1506.92461879991,89.1449672551195,89.1449672551195,-63.8942588716731,NA
"286",1,286,24,8.30174059827877,-66.7622766588205,-26.1940224953508,-66.7622766588205,NA,22.4278486874285,143.237723341179,210,0,75,0.104947006999993,0.590649679999999,1.30603478600004,2347.40060042002,NA,74.3497490511601,-63.3579232797098,NA
"287",1,287,24,8.30174059827877,-62.4599537614726,-66.7359790015817,-54.5137748473797,-62.4599537614726,-54.5137748473797,-32.4599537614726,30,0,75,0.0957022919999986,0.506594981999996,1.22128481700003,216.776357219482,81.1517439184888,81.1517439184888,-60.2723741989951,NA
"288",1,288,24,8.30174059827877,-65.7813517759985,-68.4206401384821,-65.7813517759985,-68.4033660659107,103.410812004566,-125.781351775998,300,0,75,0.0926513320000026,0.49719793499996,1.215402133,1614.37358605174,93.578780939759,93.578780939759,-79.6603574992755,NA
"289",1,289,25,8.30174059827877,-65.6463915621837,-59.8284641831185,-65.6463915621837,-60.7922314968398,-74.1743791666747,24.3536084378163,90,0,75,0.0932351329999932,0.491446024000012,0.987610774000032,4216.02197724953,115.057203140108,115.057203140108,-69.1932281390015,-76.4808976004904
"290",1,290,25,8.30174059827877,-66.7719877508904,-66.2518049334877,-66.7719877508904,-61.6302532275026,-146.585357961417,-156.77198775089,270,0,75,0.0812349500000096,0.532711577000029,1.10982841799998,5608.92551960267,106.583963171089,106.583963171089,-60.2812490096799,NA
"291",1,291,25,8.30174059827877,-76.1666295985347,-66.7748611519663,-44.5624204385039,-75.2882902618581,160.691475975151,133.833370401465,210,0,75,0.0949330219999922,0.565680373000006,1.10644033299998,4490.58875589348,82.335422798233,82.335422798233,-72.762276219424,NA
"292",1,292,25,8.30174059827877,-92.2244921127164,-92.2244921127164,-92.2244921127164,-86.8995184720443,171.535221675237,27.7755078872836,120,0,75,0.0846431739999929,0.487762120000028,1.18711197899997,3844.48006802834,89.9260836640355,89.9260836640355,-95.4513715600287,NA
"293",1,293,25,8.30174059827877,-90.6206638319512,-85.5944029964924,-87.5147084777326,-90.0861722312714,-61.1823795019011,59.3793361680488,150,0,75,0.0833163380000173,0.494441215999998,1.01811454099999,2078.69119628739,95.3471377597521,95.3471377597521,-87.6307465670762,NA
"294",1,294,25,8.30174059827877,-85.1857372883694,-85.4138843314179,-85.1857372883694,-84.4381449574322,-171.140120046373,-115.185737288369,330,0,75,0.0889043480000282,0.51001390899998,0.991380380000052,1881.85595635528,92.195035167939,92.195035167939,-93.7740466667906,NA
"295",1,295,25,8.30174059827877,-72.8380160021273,-107.85144473242,-72.8380160021273,-74.4937076970205,-160.750709307175,-132.838016002127,300,0,75,0.0822206010000173,0.510697663999991,1.11825102200002,1569.61577135546,94.1560723198724,94.1560723198724,-86.7170217254043,NA
"296",1,296,25,8.30174059827877,-82.251796567164,-79.263725800366,-82.251796567164,NA,-127.51186189101,97.748203432836,180,0,75,0.0948210939999967,0.455912772000019,1.41578047600007,1663.94688025014,NA,76.729843243319,-74.3114993282056,NA
"297",1,297,25,8.30174059827877,-83.9603069992174,-10.3066875811445,-10.3066875811445,-44.105370164738,2.70302697579723,156.039693000783,240,0,75,0.089205168999996,0.55539329399997,1.09824244899997,8567.49624304476,98.5363593702385,98.5363593702385,-69.9317271992258,NA
"298",1,298,25,8.30174059827877,-80.4258523992239,-31.8802732768539,77.9175086585411,NA,40.2201117788169,-20.4258523992239,60,0,75,0.0811890989999711,0.473596565000037,1.41778241799994,2993.18111306697,NA,68.7288532335434,-66.493599705102,NA
"299",1,299,25,8.30174059827877,-69.9531566777732,-74.8280081945003,-22.3377695809599,NA,91.0080660731885,-69.9531566777732,0,0,75,0.0482689220000339,0.471360635000025,1.00634153300001,6717.99971817595,NA,67.8269325026281,-74.1369314928642,NA
"300",1,300,25,8.30174059827877,-69.2746531555591,-76.9822710559252,-83.4467151868575,-69.2746531555591,-175.036729462594,-39.2746531555591,30,0,75,0.060248649999977,0.458128782999978,0.925579088999996,187.222114684492,89.7898657905844,89.7898657905844,-67.0870735930816,NA
"301",1,301,26,8.30174059827877,-73.2719550941433,-59.1146111614861,-73.2719550941433,-73.355449393989,-48.0561409409412,136.728044905857,210,0,75,0.102291421000018,0.42106497100005,1.43333812499995,1587.49669803134,90.9799780030595,90.9799780030595,-69.8676017150326,-72.3588803683353
"302",1,302,26,8.30174059827877,-77.9387977357542,-58.2199147194069,-58.2199147194069,NA,-2.54327889245988,102.061202264246,180,0,75,0.106611187999988,0.53997799000004,1.70819933400008,6847.75313755089,NA,65.0297234722885,-69.9985004967958,NA
"303",1,303,26,8.30174059827877,-96.8527419378854,-96.8323081858194,-96.8527419378854,-95.7243293265642,-167.395769050759,23.1472580621146,120,0,75,0.0871569079999972,0.344501851999979,0.905696997000035,4568.64119925832,112.544974779192,112.544974779192,-100.079621385198,NA
"304",1,304,26,8.30174059827877,-73.3319556484576,-71.4945132237438,-78.9599459967397,-71.4496943943831,-64.3058707224108,-133.331955648458,300,0,75,0.0995465629999899,0.517796363000002,1.28636437800006,4064.51933885203,90.1547379053319,90.1547379053319,-87.2109613717346,NA
"305",1,305,26,8.30174059827877,-50.1113521496957,-56.832776024648,-50.1113521496957,-51.6067792871082,-143.038192261774,-140.111352149696,270,0,75,0.105266795000006,0.553560904000051,1.30822705000008,2469.93545170117,102.008990279113,102.008990279113,-43.6206134084852,NA
"306",1,306,26,8.30174059827877,-76.768131121372,-78.1034160663884,-76.768131121372,-78.1034160663884,-99.0388205748399,73.231868878628,150,0,75,0.0898569379999969,0.754405232000039,0.969511405000077,1758.4690544102,84.8322508326644,84.8322508326644,-73.778213856497,NA
"307",1,307,26,8.30174059827877,-53.5021831883048,-75.2007075182698,-53.5021831883048,-53.2818513445877,-61.1205441155917,-23.5021831883048,30,0,75,0.101050971999996,0.552594555000013,0.90786222700001,2191.73284589148,85.7083455275278,85.7083455275278,-51.3146036258273,NA
"308",1,308,26,8.30174059827877,-76.3599052820846,-75.7185538573168,121.30794684875,NA,134.077499486779,163.640094717915,240,0,75,0.129058529000019,0.575770952999932,1.78065886899989,517.266765723092,NA,67.7935080804275,-62.331325482093,NA
"309",1,309,26,8.30174059827877,-76.0384528468889,-75.622502418759,177.545968325473,NA,-152.933705266482,-76.0384528468889,0,0,75,0.133012401999991,0.521475659000004,0.986030758999931,106.708660529333,NA,73.601750409039,-80.2222276619799,NA
"310",1,310,26,8.30174059827877,-70.0073213519589,-67.6677152120052,13.0421590758716,NA,2.18356905437098,19.9926786480412,90,0,75,0.129468251999981,0.525731295999947,1.42735813000002,4609.28638070336,NA,77.223354260658,-73.5541579287767,NA
"311",1,311,26,8.30174059827877,-75.9569641759461,-87.0584239204675,39.3332294196809,NA,-141.560103838315,-15.9569641759461,60,0,75,0.120202608999989,0.55282152999996,0.976046583999988,1328.85452135682,NA,73.2404664435803,-62.0247114818242,NA
"312",1,312,26,8.30174059827877,-85.7157166273586,-93.1000809975624,-85.7157166273586,NA,167.392288753639,-115.715716627359,330,0,75,0.103952743000008,0.54393271899994,0.899804552999996,2227.38706807221,NA,73.1543445976959,-94.3040260057798,NA
"313",1,313,27,8.30174059827877,-67.8840895646092,34.758768357446,34.758768357446,NA,149.713634737862,172.115910435391,240,0,75,0.129153792999972,0.522435435999995,0.878479079000044,7793.7230481785,NA,65.765541268505,-53.8555097646176,-69.7218896968233
"314",1,314,27,8.30174059827877,-75.919527735492,-79.4860196270627,-75.919527735492,-75.0854538285089,176.71331745978,-135.919527735492,300,0,75,0.090622934999999,0.576440518999902,1.06276063700005,1289.3957709548,83.0231533053928,83.0231533053928,-89.798533458769,NA
"315",1,315,27,8.30174059827877,-103.078030623877,-98.3156613699854,-103.078030623877,-102.069417105445,76.8710660490337,46.9219693761235,150,0,75,0.0940221809999855,0.480950184000051,0.828805908000021,3776.36961317305,94.9495816889187,94.9495816889187,-100.088113359002,NA
"316",1,316,27,8.30174059827877,-66.1271152545423,-62.2622081607602,-66.1271152545423,NA,-47.6481315718291,113.872884745458,180,0,75,0.0905759210000099,0.680011215999912,1.305865608,1273.9860464705,NA,79.8863311194152,-58.1868180155839,NA
"317",1,317,27,8.30174059827877,-52.7765007821512,-56.0252876879305,-103.852897599303,-54.6670512659582,-78.6837400464307,-142.776500782151,270,0,75,0.080810380000031,0.516559974999979,0.968553403000072,4769.27790535892,101.826242219255,101.826242219255,-46.2857620409407,NA
"318",1,318,27,8.30174059827877,-94.4048557445646,-91.5324668339857,-94.4048557445646,-91.5324668339857,-95.7843821135555,25.5951442554354,120,0,75,0.0979517909999856,0.507168608999962,0.915717015000126,2398.72151462672,91.4386673172479,91.4386673172479,-97.6317351918769,NA
"319",1,319,27,8.30174059827877,-63.5842725539892,-83.959316018653,-63.5842725539892,-61.9931757606068,-100.486703726425,-63.5842725539892,0,0,75,0.0909046639999929,0.587684184999944,1.27829933399994,2247.77314810721,88.5237576184323,88.5237576184323,-67.7680473690802,NA
"320",1,320,27,8.30174059827877,-70.8570755871996,-71.5230261987056,-70.8570755871996,-70.8059462765292,-89.9372012480969,-40.8570755871996,30,0,75,0.131842500999994,0.567790272000082,2.12548714200005,899.942041220106,83.4743759309079,83.4743759309079,-68.6694960247221,NA
"321",1,321,27,8.30174059827877,-77.7868424726383,-70.129953224352,98.1749932665006,-73.0952143992922,95.7367587396087,12.2131575273617,90,0,75,0.0943744169999547,0.551812310999964,0.929826186000014,7398.99689515653,81.1008365299918,81.1008365299918,-81.3336790494561,NA
"322",1,322,27,8.30174059827877,-66.9421323977511,-72.8076465976865,169.434921314401,NA,162.632890609641,-6.9421323977511,60,0,75,0.176509920000001,0.498098374000023,1.18042068100007,1132.31258304359,NA,66.3721670331703,-53.0098797036292,NA
"323",1,323,27,8.30174059827877,-61.089139769553,-56.3888981622392,-62.4452850219861,-59.4444360755703,-51.4308717179832,148.910860230447,210,0,75,0.0755412219999982,0.553147238000008,1.13256146699999,2378.40840602883,83.2520581098791,83.2520581098791,-57.6847863904423,NA
"324",1,324,27,8.30174059827877,-53.7620066153382,-50.6122282117558,-149.725306215003,NA,-163.783717181615,-83.7620066153382,330,0,75,0.0998756430000185,0.455816646000102,1.01415974699995,6245.81881712343,NA,73.3604846063311,-62.3503159937594,NA
"325",1,325,28,8.30174059827877,-93.4889047329107,-90.8617937591355,-93.4889047329107,-90.8617937591355,-126.781208277674,56.5110952670893,150,0,75,0.103239015000042,0.513978718999965,1.04915319800003,2199.83347865127,89.4834805478535,89.4834805478535,-90.4989874680357,-71.5021021192426
"326",1,326,28,8.30174059827877,-77.2965186072913,-77.2965186072913,-77.2965186072913,NA,-40.7763595499918,12.7034813927087,90,0,75,0.0904538609999577,0.525044979000143,0.898547429999923,2660.94347079206,NA,84.5913810442028,-80.8433551841091,NA
"327",1,327,28,8.30174059827877,-61.2510930783341,-61.2510930783341,-61.2510930783341,-62.3715520130064,-28.8584427061933,118.748906921666,180,0,75,0.951869142000078,0.570939916000043,6.61796090599989,4708.71798584756,111.641925007815,111.641925007815,-53.3107958393757,NA
"328",1,328,28,8.30174059827877,-85.9638397245027,-78.0502486881037,-85.9638397245027,NA,44.1384893489358,154.036160275497,240,0,75,0.102092476000053,0.581192883000199,1.20275549199994,1613.36144757569,NA,71.6872837507731,-71.9352599245111,NA
"329",1,329,28,8.30174059827877,-70.0228537235704,-71.9175096698355,15.3115997396429,NA,-95.4944248211925,-10.0228537235704,60,0,75,0.15763514899993,0.484552817000122,1.15490544700009,8783.04872429194,NA,71.1086922510763,-56.0906010294485,NA
"330",1,330,28,8.30174059827877,-70.3833001450351,-94.1696242487122,-94.1696242487122,-69.1459332086041,99.2405673155627,-40.3833001450351,30,0,75,0.0921174110000038,0.51012074599987,1.02217438800017,7838.49524918871,84.9220264213737,84.9220264213737,-68.1957205825576,NA
"331",1,331,28,8.30174059827877,-63.0290564913467,-6.11985615342473,-6.11985615342473,NA,-54.1797739591752,146.970943508653,210,0,75,0.101172953999992,0.527533262999953,1.39826438600033,7502.83650678879,NA,79.0263266452516,-59.624703112236,NA
"332",1,332,28,8.30174059827877,-87.9935423575494,-80.8367215676095,-87.9935423575494,-85.0417647688975,-70.2038119221337,32.0064576424505,120,0,75,0.105598919999977,0.544624382999928,1.16632053699993,1602.42502556576,87.6304047838067,87.6304047838067,-91.2204218048617,NA
"333",1,333,28,8.30174059827877,-59.359648805568,-101.691642837219,-116.305718875136,-58.2759227432184,-94.7256869412162,-59.359648805568,0,0,75,0.0820330260000333,0.503686645000016,1.04522182400007,2317.29665287677,92.8957875482214,92.8957875482214,-63.543423620659,NA
"334",1,334,28,8.30174059827877,-68.3214959004289,-69.259657796757,-68.3214959004289,-69.3354550505099,40.7043659738444,-98.3214959004289,330,0,75,0.0935414309999487,0.593094039999812,2.13217690800008,3128.11189759133,83.42675441459,83.42675441459,-76.9098052788501,NA
"335",1,335,28,8.30174059827877,-72.6725378772122,-78.8842273526892,-72.6725378772122,NA,151.687550951486,-132.672537877212,300,0,75,0.0913363939999385,0.521313185000054,1.11939160300005,2456.36296378021,NA,77.2977139672273,-86.5515436004892,NA
"336",1,336,28,8.30174059827877,-65.7913467269883,-65.7913467269883,-65.7913467269883,-66.809743877247,NA,-155.791346726988,270,0,75,0.0635407749999786,0.559736765000025,1.01664899400004,4550.52700636953,92.6971358964468,92.6971358964468,-59.3006079857778,NA
"337",1,337,29,8.30174059827877,-4.06228519557595,7.73011953793508,-4.06228519557595,-1.64732970504707,22.4288449641347,-34.062285195576,330,0,0,0.119006339999999,0.674802819,42.360221052,4582.03534032358,101.926507119422,101.926507119422,-12.6505945739971,-0.526276606400831
"338",1,338,29,8.30174059827877,1.17000948698047,-0.355420890476172,1.17000948698047,-1.7440782689147,-0.10296539154103,31.1700094869805,30,0,0,0.106986918000004,0.462660540000009,2.94787033299999,4668.70645620703,97.5372724620444,97.5372724620444,3.35758904945797,NA
"339",1,339,29,8.30174059827877,-0.394982127152986,4.03274469752182,-0.394982127152986,NA,-10.0875171478713,179.605017872847,180,0,0,0.128474855,0.473106373999997,1.00571448900001,1183.22921914908,NA,73.6939452517571,7.54531511180547,NA
"340",1,340,29,8.30174059827877,-3.74769242408343,-1.7529147755256,-3.74769242408343,-1.89377127467941,-145.396038546536,-153.747692424083,210,0,0,0.124388009,0.457246136000016,1.24613878199998,1951.57699898636,83.0849165424116,83.0849165424116,-0.343339044972697,NA
"341",1,341,29,8.30174059827877,-10.1297823171011,-11.9754898777641,-10.1297823171011,-10.6042185966385,145.635594768189,-130.129782317101,240,0,0,0.106528091000001,0.496790435000001,1.076218001,2194.71827800816,81.5603868885275,81.5603868885275,3.8987974828905,NA
"342",1,342,29,8.30174059827877,-0.123188603070602,3.38616739878616,-140.979816993306,-0.101437078909598,14.7842599840244,89.8768113969294,90,0,0,1.04873039599995,0.462786169000012,1.07827627700004,12230.5562938134,83.9531048031934,83.9531048031934,-3.67002517988843,NA
"343",1,343,29,8.30174059827877,7.11366922387923,-17.7373177357578,122.134987234846,NA,110.443132479671,127.113669223879,120,0,0,0.157453770999993,0.463466266999944,1.56239550600007,425.704725046501,NA,62.5259683757403,3.88678977656696,NA
"344",1,344,29,8.30174059827877,-0.488043742562809,2.57040112986783,-0.488043742562809,NA,-7.0116028481782,-90.4880437425628,270,0,0,0.120896829999992,0.471331997999997,1.379711642,1334.36320032596,NA,76.8500128992447,6.00269499864769,NA
"345",1,345,29,8.30174059827877,5.454524257819,107.336393433302,107.336393433302,5.11288228259446,-16.5185827182299,-54.545475742181,300,0,0,0.704148289000031,0.458206750999977,1.12719160599998,5065.49988417069,94.0573262434934,94.0573262434934,-8.42448146545797,NA
"346",1,346,29,8.30174059827877,-4.11218642234896,-5.55546504419408,-4.11218642234896,-4.51032056560212,8.74176813363076,-4.11218642234896,0,0,0,0.102201096000016,0.437479909999979,1.26073092999998,4859.00402599217,86.1590265267281,86.1590265267281,-8.29596123743997,NA
"347",1,347,29,8.30174059827877,-10.5815400028214,-9.78568686359169,-10.5815400028214,-9.78568686359169,72.1578020883612,49.4184599971786,60,0,0,0.101683417000018,0.391498931000001,1.09643547700001,3383.24252209681,97.9057976603326,97.9057976603326,3.35071269130049,NA
"348",1,348,29,8.30174059827877,-3.96273415059784,3.46177497124032,-3.96273415059784,-3.49367265719849,-7.30338095769727,146.037265849402,150,0,0,0.0966721690000014,0.481957099999988,1.41628325899997,1336.38504152093,85.1462576823878,85.1462576823878,-0.972816885722866,NA
"349",1,349,30,8.30174059827877,-15.6504261921562,-12.335661701667,-15.6504261921562,-15.5557075870351,-46.9081069356532,44.3495738078438,60,0,0,0.0888729220000073,0.448882838999978,1.291182893,4703.94981615228,86.6505432822646,86.6505432822646,-1.71817349803431,0.11340080266633
"350",1,350,30,8.30174059827877,3.867118848713,2.22062972903825,3.867118848713,4.60168727921297,42.3285567313521,-26.132881151287,330,0,0,0.0982846260000088,0.528633426000027,0.96135160599998,3572.81329403651,82.9753803403647,82.9753803403647,-4.72119052970818,NA
"351",1,351,30,8.30174059827877,-5.94865428552785,-6.35887263648408,-5.94865428552785,NA,47.9270875188595,144.051345714472,150,0,0,0.0840500289999966,0.534916070000008,1.33700961,1130.33755467956,NA,72.3772039666694,-2.95873702065288,NA
"352",1,352,30,8.30174059827877,4.5971443003828,2.36677377149575,15.4645506045394,2.67352099413316,-10.3808365770238,4.5971443003828,0,0,0,0.0974159840000084,0.469461555000038,1.22702012499992,12536.0297882044,95.1184672901997,95.1184672901997,0.413369485291789,NA
"353",1,353,30,8.30174059827877,-2.79939546832597,-5.45782881056766,-2.79939546832597,NA,-28.9272312922331,177.200604531674,180,0,0,0.108039106999996,0.43967920099999,1.42023578900002,1427.82854065227,NA,79.6134567840542,5.14090177063248,NA
"354",1,354,30,8.30174059827877,6.47043018961662,1.21732144131448,6.47043018961662,NA,7.92697551271982,126.470430189617,120,0,0,0.104644374999978,0.520898769000013,1.13620307699998,2003.59899513741,NA,77.9269106981926,3.24355074230435,NA
"355",1,355,30,8.30174059827877,-5.42939814087582,-3.48525334917662,-5.42939814087582,-4.14099698466853,-51.3164709235726,24.5706018591242,30,0,0,0.0779087599999997,0.462754303000011,1.28057488000002,4634.03675967789,112.296890148245,112.296890148245,-3.24181857839832,NA
"356",1,356,30,8.30174059827877,-4.90875864123814,-5.9000094859349,-4.90875864123814,-4.74965917826751,159.518394264534,-94.9087586412382,270,0,0,0.0850476199999832,0.487578189999994,1.40658987400008,2814.48047043073,91.4087463374398,91.4087463374398,1.58198009997236,NA
"357",1,357,30,8.30174059827877,0.86235446875358,2.81094960551764,0.86235446875358,NA,17.2096635129439,90.8623544687536,90,0,0,0.109039015000036,0.391345770000015,1.16293528699993,209.790088248863,NA,75.4930800394442,-2.68448210806425,NA
"358",1,358,30,8.30174059827877,-5.26930733799935,-5.97292610355606,-5.26930733799935,-3.82815650067892,-105.214150095728,-125.269307337999,240,0,0,0.0696755459999849,0.44237305599998,1.13952002900007,5843.95295035689,105.299733753871,105.299733753871,8.75927246199225,NA
"359",1,359,30,8.30174059827877,1.01968408812161,4.35375242317491,1.01968408812161,4.35375242317491,27.7746693875133,-148.980315911878,210,0,0,0.0701263990000314,0.474226131000023,1.27021760400001,9244.85565558184,122.967884828695,122.967884828695,4.42403746723234,NA
"360",1,360,30,8.30174059827877,7.00110506270528,8.55553740073748,7.00110506270528,7.84550083456014,50.3599552054207,-52.9988949372947,300,0,0,0.101155914999993,0.463360887000022,1.24034643799993,2946.6717713633,83.5539980762273,83.5539980762273,-6.87790066057169,NA
"361",1,361,31,8.30174059827877,2.87450031610763,-8.51907238243683,2.87450031610763,4.3836106104178,99.4151721744837,-27.1254996838924,330,0,0,0.0935064580000073,0.513362582999946,1.34988636700001,4466.25082832612,92.1344801326627,92.1344801326627,-5.71380906231355,-0.408891259408118
"362",1,362,31,8.30174059827877,-8.26056125909207,-11.8652798970659,-6.69242220706127,NA,175.746237380575,-98.2605612590921,270,0,0,0.0597820530000206,0.500006684999988,1.15471398300008,12173.4298064698,NA,73.0467858303312,-1.76982251788157,NA
"363",1,363,31,8.30174059827877,-1.9332167480338,-1.9332167480338,-1.9332167480338,-5.61473426611974,7.17717954659639,178.066783251966,180,0,0,0.0697163569999759,0.44594919700009,1.28826055299993,5421.86862910694,101.35186642657,101.35186642657,6.00708049092465,NA
"364",1,364,31,8.30174059827877,-7.39804853036178,-7.39804853036178,118.506599261069,-7.39804853036178,-89.5897355335962,82.6019514696382,90,0,0,0.0937548229999834,0.425316362999951,1.441489537,957.220070813646,103.695070990316,103.695070990316,-10.9448851071796,NA
"365",1,365,31,8.30174059827877,-3.38868775372737,-5.71792592632301,-3.38868775372737,-2.84335126069493,-38.7728992148494,-153.388687753727,210,0,0,0.0587920730000064,0.468507329999909,1.23348885800007,6392.98057010711,129.807105274318,129.807105274318,0.0156656253833636,NA
"366",1,366,31,8.30174059827877,22.7773016815595,34.4814236674903,22.7773016815595,23.511121349759,48.413474293052,-37.2226983184405,300,0,0,0.100632611999998,0.432196752999999,1.50534120099999,2677.67411476636,98.1639835748396,98.1639835748396,8.89829595828253,NA
"367",1,367,31,8.30174059827877,-3.24832789953606,-2.22490947828754,-3.24832789953606,-2.22490947828754,-2.83478758923206,146.751672100464,150,0,0,0.0650068009999814,0.425819709999985,1.31172568500011,3288.84906908368,88.0565549686537,88.0565549686537,-0.258410634661086,NA
"368",1,368,31,8.30174059827877,-15.1362111586284,-12.3000886792343,-15.1362111586284,-14.950524882365,-2.63603035348613,44.8637888413716,60,0,0,0.10718231499996,0.386349396000014,2.18705046099998,3381.19500904225,104.00797925031,104.00797925031,-1.20395846450651,NA
"369",1,369,31,8.30174059827877,15.3152349551159,15.3152349551159,15.3152349551159,10.4320856106932,17.6233281196687,135.315234955116,120,0,0,0.0770663119999995,0.490877051999973,1.2214862749999,5987.81185307588,109.157081842233,109.157081842233,12.0883555078036,NA
"370",1,370,31,8.30174059827877,-4.57823161373209,1.54761480704251,-4.57823161373209,-1.66193039597701,-164.221041696379,25.4217683862679,30,0,0,0.0992581770000527,0.419730624000039,1.66059741199985,3158.62405858718,89.9336915329042,89.9336915329042,-2.39065205125459,NA
"371",1,371,31,8.30174059827877,8.51959692384682,14.2924030512589,8.51959692384682,10.3976453980063,48.1816444704233,8.51959692384682,0,0,0,0.102263111000013,0.475552877000013,1.49102310899994,3042.21269307688,93.1827863707705,93.1827863707705,4.33582210875581,NA
"372",1,372,31,8.30174059827877,-27.9989567662421,-27.9989567662421,-27.9989567662421,NA,NA,-147.998956766242,240,0,0,0.0709088319999864,0.41527797599997,1.44475870000002,5183.1108219828,NA,99.7945063322061,-13.9703769662505,NA
